joke,total_votes,positive_votes,negative_votes
,,,
"На вопрос собеседования «Хорошо ли вы работаете в стрессовых ситуациях?» стоит отвечать «А эта работа связана с реальными стрессовыми ситуациями? Как скорая или пожарная? Или вы просто просираете сроки из-за плохого менеджмента, неравномерного распределения обязанностей и чрезмерного чувства собственной важности топ-менеджмента?»",1036.0,966.0,70.0
"Колобок - это сказка про взросление. Парень уходит из родительского дома, успешно преодолевает жизненные этапы (социализация — заяц, работа — волк, бытовые трудности — медведь), а потом встречает женщину, которая обманом завлекает его и уничтожает как личность.",1013.0,943.0,70.0
"Бывшая жена Потанина требует от экс-мужа 50% доли в Норникеле. Народ России, который строил Норникель, ничего не требует...",1270.0,1169.0,101.0
"Детство заканчивается в тот момент, когда ты перестаёшь бояться сдавать кровь на анализ и начинаешь бояться его результатов.",882.0,827.0,55.0
"Путин рассказал россиянам, что у них теперь есть гиперпуперзвуковая ракета, способная поразить Америку.А о том, что у россиян зарплаты и пенсии, способные поразить Америку - не рассказал.",1840.0,1469.0,371.0
"Новость на Яндексе 9 декабря:Чубайс обвинил россиян в неблагодарности, и заявил, что ""всё общество должно сказать большое спасибо олигархам, за последние 25 лет отстроившим страну и вернувшим людям зарплаты"".Новость на Яндексе 10 декабря:Чубайс стал обладателем высшего мирового достижения для книги рекордов Гиннеса, как индивид, всего за сутки посланный на *** 146 миллионов раз абсолютно разными людьми.",1530.0,1405.0,125.0
"- Они вон чо, им ничо, а мы ничо, нам вон чо!- Господин министр спорта, у вас есть что еще сказать по поводу отстранения сборной РФ от олимпийских игр?",1196.0,1037.0,159.0
,,,
"Стоит гаишник с утра злой. С женой поссорился, дочь вчера опять двойку принесла из школы, мороз на улице...Смотрит, несётся на огромной скорости ""Мерседес"". Останавливает гаишник машину и с ходу начинает орать на водителя:- Ах ты ж, твою мать! Почему скорость решил не соблюдать, несёшься по встречной? Что, правила не для тебя придумали?! Документы сюда, быстро!Оцепеневший и бледный водитель протягивает ему документы, которые гаишник сразу же рвёт, бросает ему обратно в салон, плюёт ему в лицо и с криком: ""Марш за мной, козёл!"" двигается по направлению к патрульному автомобилю.Затем полицейский оглядывается, смотрит на номерные знаки ""Мерседеса"" и с ужасом замечает серию ""АМР"".Тут же разворачивается, подходит к водителю и начинает оправдываться:- Простите, сам не знаю, что на меня нашло... С утра день не задался, а за права не переживайте, я вам новые сделаю, завтра же!Водитель, вытирая пот со лба:- Да хрен с ними, с правами! Меня же чуть инфаркт не хватил! Я ведь подумал, что власть поменялась!",2172.0,2031.0,141.0
Главное - до Нового года не поссориться с Марокко.,1834.0,1647.0,187.0
"04.12.2014Путин:Я прошу Банк России и правительство провести жесткие, скоординированные действия, чтобы отбить охоту у так называемых спекулянтов играть на колебаниях курса российской валюты. И что хотел бы в этой связи сказать: власти знают, кто эти спекулянты, и инструменты влияния на них есть, пришло время воспользоваться этими инструментами.05.12.2014Чубайс попал в больницу с переломом обеих рук.",1595.0,1373.0,222.0
"Хватит уже ругать Президента! Дайте ему срок, и всё наладится!",1048.0,920.0,128.0
Функции фена в понимании женщин:1. Сушить волосы.2. Петь в него.3. Сдувать пыль.Функции фена в понимании мужчин:1. Сушить выстиранные носки.2. Пугать кота.,1049.0,919.0,130.0
"Омоновец лупит демонстранта дубинкой: ""Нельзя призывать к свержениювласти!"". Демонстрант, пытаясь увернуться: ""Да я не призывал! Я всеголишь за честные выборы!"". Омоновец начинает лупить еще чаще: ""Такчестные выборы - это и есть свержение этой власти!""",1854.0,1440.0,414.0
"Молодой фермер, призванный на военную службу, в письме домой написал:""Эта армейская жизнь - сплошное удовольствие. Можно валяться в постелидо пяти часов утра"".",1388.0,1262.0,126.0
,,,
Худею сразу по трем диетам. По одной не наедаюсь.,1116.0,969.0,147.0
"Я Вам сейчас очень просто объясню, почему дома подорожали к зарплате -бензин тут ни при чем. Допустим, мы - я, Вы и Хроноскопист летели насамолете через Тихий океан. В пути мы втроем накушались абсента,надебоширили, отломали дверь от туалета, и нас за это выкинули в моречерез аварийный выход. По счастью, рядом с местом нашего паденияобнаружился маленький безымянный полинезийский остров. Выбравшись наберег, мы посовещались, и решили считать его новым государством подназванием Соединенные Штаты Абсента (США).Когда нас выкидывали из самолета, то багажа нам, естественно, не выдали.Поэтому, всех материальных и нематериальных активов у нас - толькотуалетная дверь, которую Вы таки прихватили с собой. И вообще, несмотряна абсент, Вы у нас оказались самым запасливым - в бумажнике у Вас,совершенно случайно, обнаружилась банкнота в $100. Таким образом, внаших США имеются нефинансовые активы - дверь, и финансовые активы, ониже денежная масса - $100. Это все наши сбережения. Поскольку у насбольше вообще ничего нет, то можно сказать и так - у нас есть одинматериальный актив - дверь, обеспеченный денежной массой в $100. Т. е.наша дверь стоит $100.Немного протрезвев, мы решаем, что надо как-то обустраиваться. Самыйбыстрый из нас оказался Хроноскопист. Он тут же объявил, что создаетбанк и готов взять в рост имеющиеся у населения денежные сбережения под3% годовых - ну не сидится человеку без дела. Вы отдаете ему $100, и оних записывает в блокнот в статью ""Пассивы -> Дипазиты"". Но я тоже нелаптем щи хлебал - зря я что ли столько времени занимаюсь расследованиемэкономического мухлежа - я знаю как изъять у Вас и дверь и $100. Япредлагаю Вам взять Ваши $100 в рост под 5% годовых. Вырываю листик изсвоего блокнота и пишу на нем - ""Аблегиция на $100 под 5% годовых"". Вычувствуете, что Вам поперло. Забираете деньги у расстроенногоХроноскописта с дипазита и отдаете их мне в обмен на мою аблегацию.Я беру Ваши $100 и кладу их на дипозит в банк обратно обрадованногоХроноскописта.По хорошему, на этом можно было бы и успокоиться и пойти всем занятьсяделом - пальму потрясти или за моллюсками понырять, снискать себе хлебнасущный, так сказать. Но Вы ж знаете - я неуемный финансовый гений,такие пустяки как кокосы и устрицы меня не интересуют. Помыкавшись понашему острову - 50 шагов от южного побережья до северного, и 30 сзапада на восток, я придумываю гениальную комбинацию. Я подхожу к Вам ипредлагаю на пустом месте заработать еще 1% годовых. Взять в банкеХроноскописта кредит под 4%, и купить у меня еще одну аблигацию под 5%.Вторую аблегацию на $100 я тут же выписываю на блокнотном листике, имашу ею у Вас перед носом. Недолго думая, Вы бежите в банк и беретекредит $100 под залог моей первой аблегации на $100. Они там есть - я ихтуда положил на дипазит. Вы отдаете мне заемные $100 и прячете вторуюаблегацию к себе в бумажник - теперь у Вас есть моих аблегаций на $200.А $100 я кладу в банк - теперь у меня там $200 на дипазите. Хроноскопистаж подпрыгивает от радости - кредитный бизнес попер.Думаете я на этом остановлюсь? Ага, сейчас - я уже выписал Вам третьюаблегацию. Бегом в банк за кредитом под залог второй аблегации. Ближе квечеру, набегавшись по острову с этой сотней баксов и изодрав вселисточки из блокнота на аблегации, мы имеем следующую картину. У Вас на$5000 моих аблегаций, а у меня на $5000 дипазитов в банке. Теперь, ячувствую, что пришло время прибрать Вашу дверь к рукам. Я предлагаюкупить ее у Вас за $100. Но Вы вредничаете - дверь-то всего одна, изаламываете цену в $1000. Ну, $1000 так $1000 - в конце концов у меня надепозите лежит целых $5000. Я на последнем блокнотном листочке направляюплатежное поручение Хроноскописту, перевести $1000 с моего дипазита наВаш, и забираю Вашу дверь.Если нашу бухгалтерию отдать американскому экономисту с гарвардскимдипломом, он сообщит нам, что наши США располагают $1000 материальныхактивов в виде двери, и $10000 финансовых активов в виде аблегаций идипазитов. Т. е. что стоимость нашего совокупного имущества увеличиласьза день в 110 раз.Менее тонкий и образованный человек сказал бы, что мы - три дебила, унас как была одна дверь и $100, так и осталось, и что только конченныедебилы могли целый день рвать листочки из блокнота, вместо того, чтобынарвать кокосов. Кто из них прав - решайте сами. Но механизмотносительного роста цен на дома именно такой, что в США, что в Японии,что в России.",2531.0,2168.0,363.0
"Случай в магазине.- У вас водка есть?- А 18 есть?- А лицензия есть?- Ну, на. Что завелся-то сразу...",1003.0,876.0,127.0
"Слыхал, вчера после матча Дэвид Бэкхем, раздавая автографы, случайноподписал контракт с ярославским Шинником...",1574.0,1444.0,130.0
"Сидит мужик ночью и тихонько порносайты смотрит, думает, что жена спит.Ну сидит и картинки скролит. А жена по нужде проснулась, и потихонькувстала за спиной - смотрит.Вдруг мужик слышит:- А ну-ка... пролистай на картинку вверх... Еще на одну... еще... Вот!Такие шторы на кухню хочу!!",1435.0,1300.0,135.0
На дорогах города появится новый знак нод названием Джокер. Джокер можетбыть любым знаком по желанию ГИБДДшника...Команда КВН Парма,1823.0,1610.0,213.0
"На детских кубиках буквы ""Х"", ""У"", и ""Й"" находятся всегда на одномкубике. На всякий случай.",2525.0,2306.0,219.0
- Вчеpа пеpешел на зимнюю pезинy. С шипами. Рекомендyю.Пpодают в аптеке за yглом...,1018.0,723.0,295.0
"Чему нас учит ГолливудХакеру на заметку: Для того, чтобы взломать некий сайт, необходимоналовчиться барабанить по клавишам со скоростью 900 символов в минуту,и тогда вы гарантированно подберете пароль хоть к Министерству ОбороныСША за 30 секунд.Наемнику на заметку: Действуйте всегда в одиночку, чтобы не делитьденьги. Прежде всего намажьте лицо сажей или на худой конец гуталином.Возьмите себе либо один пистолет, либо уж обвешайтесь амуницией с ног доголовы. В первом случае подкрадывайтесь к врагам сделав наглую морду, вовтором просто стрельните по воротам из гранатомета, потом строчите изпулемета, винтовки и т.д., в итоге придется, конечно, поработать иножом.Участникам боев без правил: Заблаговременно позаботьтесь о том, чтобываш противник до этого поколотил как следует вашего лучшего друга, повозможности отправил его в больницу, идеально если убил. Тогда в тяжелыймомент просто вспомните об этом, и вы порвете его как тузик тряпку.Саперу: Прежде всего заведите себе жилетку со всякими инструментами,пользоваться не обязательно, но выглядит отлично. Не спешите резатькакие-либо провода, если вы поторопитесь, то время побежит быстрее ипридется резать еще один проводок. Где-то за 1-3 секунды до взрыва бомбырежьте любой провод и все будет в порядке. Часы, как правило, закрепленыпрямо на бомбе, такие красные электронные.Начинающему бандиту: Прежде всего приобретите максимально наглый вид.Затем научитесь молоть некую малопонятную чушь в большом количестве,наденьте черный костюм и дело в шляпе.Уроки индийского кино:Прежде всего, кем бы вы ни работали, пойте везде и всюду, по любомуповоду, недурно еще периодически пускаться в пляс.Советы гонконгских мастеров:Бандитам и полицейским: Никогда не берите с собой на разборки маленькиеавтоматики, из них еще никого не убивали. Лучше всего сразу поколотитьсвоих противников руками и ногами.",1669.0,1316.0,353.0
"КОРОТКАЯ СКАЗКА С ЛОГИЧНЫМ КОНЦОМОдна фирма (неважно, какая) стала продавать свою продукцию(неважно, какую) по двойной цене - для дураков и для умных.Так на ценнике и значилось: для дураков - столько-то, дляумных - в два раза дороже. И все покупали по более высокойцене. Дураки.",1389.0,1174.0,215.0
"Гадание на таpакане.~~~~~Поймайте на кyхне таpакана и внимательно пpисмотpитесь к немy.Если таpакан бодpый и здоpовый, значит y вас дома все в поpядке.Если таpакан квелый - займитесь своей женой, она плохо вас коpмит.Если таpакан стpого чеpного цвета - вас ждет повышение по слyжбе.Если таpакан pыжий - в вас влюблена блондинка.Если таpакан зеленый - это к большим деньгам в валюте.Если таpакан все вpемя шевелит yсами - вы человек энеpгичный, подвижный,не можете сидеть без дела.Если таpакан замеp - вы философ.Если таpакан имеет yдивленный вид - окpyжающие вас мало ценят.Если таpакан испyган - вы человек, yмеющий настоять на своем.Если таpакан яpко синий, pогатый и говоpит человеческим голосом -поздpавляем, y вас белая гоpячка.Тепеpь измеpьте таpакана.Если длина таpакана меньше 1 см - на вас можно положитьсяв семейной жизни.Если длина таpакана больше 3 см - вы человек ищyщий.Если pазмах усов таpакана равен длине вашего носа - вы человеклюбознательный.Если один yс таpакана заметно коpоче втоpого - вы еще не pеализовалисвои возможности.Если сyммаpная длина yсов таpакана равна длине его тела, yмноженной накоpень квадратный диаметpа его бpюха и деленной на логаpифм количестваего ног - вы скpyпyлезный и дотошный человек.Если ноги таpакана pавномеpно pаспpеделены по всемy его телy - вам надона всякий слyчай показаться психиатpy.Если же длина таpакана равна его шиpине - значит, это клоп.Отпyстите таpакана.Если он побежит пpямо - y вас все еще впеpеди.Если он побежит налево - вас ждет волнyющая встpеча.Если он побежит напpаво - займитесь слyжбой: вас подсиживают.Если он побежит обpатно к вам - о, вы интеpесный человек.Если он вообще не побежит - он сдох.",2688.0,2095.0,593.0
"- Боюсь, что я теряю свою жену, - жалуется мужик психотерапевту.- Она избегает вас? - спрашивает тот.- Нет, совершенно нет, - отвечает мужик, - она встречает меня возледвери, когда я прихожу домой. Мои рубашки всегда тщательновыглажены, она прекрасно готовит, дом всегда чист. Она дажеразрешает мне смотреть все мои программы по телеку и никогда неотказывается от моих извращенных секс-потребностей.- Так в чем же проблема?!!!- Возможно я слишком чувствителен, - говорит мужик, - но вечером,когда я ложусь спать и жена уверена, что я заснул, она частошепчет мне на ухо: - Боже, когда же ты наконец сдохнешь!",1891.0,1774.0,117.0
"Купила благочестивая еврейка попугая, принесла его домой и слышит:- ... Здгаствуйте, меня зовут Сагочка. Я хочу тгахаться.Она, конечно, упала в обморок, а когда пришла в себя, побежала краввину советоваться.- Реббе, я хотела купить благочестивого попугайчика, а чтополучилось? Вы только послушайте.Снимает тряпку с клетки и реббе слышит:- ... Здгаствуйте, меня зовут Сагочка. Я хочу тгахаться.Реббе говорит:- Ты не переживай, иди к моим друзьям, у них есть два благочестивыхпопугайчика, они с утра до вечера молятся Богу - они воспитаюттвою Саррочку.Женщина так и поступила. Пришла к друзьям реббе, рассказала им всюисторию, те принесли клетку со своими попугайчиками. Она сняла тряпкус клетки, и опять:- ... Здгаствуйте, меня зовут Сагочка. Я хочу тгахаться.И тогда один попугай говорит другому:- Сеня, наконец, Господь Бог услышал наши молитвы.",1106.0,1017.0,89.0
"Стоят два мужика, травят анекдоты. Один мужик (1):- Знаешь, чем мент отличается от осла?И тут чувствует у себя на плече чью-то тяжелую руку.Оборачивается - сзади мент (М).(М): - Hу и чем же?(1): - Да ничем!(М): - Hу то-то же!",703.0,646.0,57.0
"Париж. Очередь за бананами. Подходит девушка. ``Почем бананы, мсье?`` -``5 франков за фунт, мадам``. - ``Я мадемуазель`` - ``Но я же вижу, как Выдержите банан, мадам``.",474.0,383.0,91.0
,,,
"Фраза: ""За тобой пришли!"", услышанная в садике, и когда ты работаешь уже главным бухгалтером, - ощущается по-разному.",582.0,549.0,33.0
Есть свидетельство о рождении. Есть свидетельство о смерти. Где свидетельство о жизни?© Михаил Жванецкий,548.0,475.0,73.0
"Нищий одинокий еврей, проживающий в коммунальной квартире со слепой матерью, в своих ежедневных молитвах просит Господа улучшить его жизнь... Наконец, Бог решает удовлетворить его молитвы, исполнив только одно-единственное желание...Еврей говорит:- Спасибо, Господи! Моë единственное желание - чтобы моя мама увидела, как моя жена вешает на шею моей дочери двадцатимиллионное ожерелье в моём шестисотом Мерседесе, припаркованном около бассейна рядом с моим особняком в Беверли Хиллс!На следующее утро:- Сынок, я видела прекрасный сон...",995.0,880.0,115.0
Ничто так не указывает на материальность мысли как эрекция.,659.0,610.0,49.0
"Размер зарплаты главы Газпрома Миллера поневоле наводит на мысль, будто этот титан самолично наполняет все экспортные и внутренние газопроводы продуктом исключительно собственного производства.",879.0,755.0,124.0
"Путин призвал единороссов:2003 год - работать для людей2010 год - не забывать о людях2018 год - не выражать пренебрежение к людямвы здесь2023 год - помнить, что крепостные тоже люди2030 год - не казнить крепостных людей без суда",921.0,753.0,168.0
WADA наконец-то уличило российских футболистов в приеме допинга!! У них в крови обнаружена тормозная жидкость!,765.0,653.0,112.0
,,,
"Когда она красит ногти разными цветами - это игра с оттенками, это интересно и красиво. А когда я хожу в разных носках - я дебил тупой.",1108.0,1026.0,82.0
"— Подсудимый, клянетесь ли вы говорить правду, только правду и ничего, кроме правды?— Клянусь, толстая женщина с усиками.",1130.0,1043.0,87.0
"Запад злобный, коварный, ненавидящий Россию, мстительный, но судя по тому, что наши чиновники держат там семьи, всё-таки добрый в душе.",1190.0,1074.0,116.0
"Утром пришла эсэмэска: ""Абонент снова в сети. Вы можете ему позвонить!"".А всё! Поздно! Я уже протрезвела...",531.0,485.0,46.0
"Дорогая редакция! Ответьте мне, пожалуйста, Дед Мороз всё-таки есть или его нет? А то мама говорит, что есть, а жена смеётся.",774.0,702.0,72.0
"Семён Петрович мог коня на скаку остановить, в горящую избу войти.В общем, вёл себя как баба.",1034.0,928.0,106.0
"Открыл философ бутылку, оттуда вылетает джин:- Я всемогущий джин, ты освободил меня...- Какой же ты всемогущий, если не мог сам из бутылки освободиться?- Я выполню любые 3 желания.- Создай камень, который никто не сможет поднять.- Странное желание. Какое твоё второе желание?- Подними его.- Сдаюсь, я не всемогущий джин. Я пойду обратно в бутылку тренироваться.- Вот. Я ведь правильно говорил, что ты не всемогущий.- Правильно, но бесполезно.",705.0,604.0,101.0
,,,
"- Как вы думаете, Россию можно причислить к развитым странам?- Скорее, к развитым странно...",634.0,507.0,127.0
"— Я вам звоню из Иерусалима, Холмс. Я путешествовал вместе с тещей.И она скоропостижно скончалась.— Мои соболезнования, Ватсон. Я знаю, вы с ней были не в лучшихотношениях, но тем не менее...— Холмс, я хочу спросить вашего совета. Если ее хоронить в Англии,то только за перевоз тела требуют три тысячи фунтов. В то время,как за похороны на месте берут только пятьсот.— Везите ее в Англию. Там, где вы сейчас находитесь, однажды былслучай. Похоронили, а через три дня покойник воскрес. Вам этонужно, Ватсон?",1232.0,966.0,266.0
"Посмотрев на прошлой неделе фильм “Ирония судьбы или С легким паром”,половина россиян инстинктивно отметила Новый Год.",439.0,374.0,65.0
"Самый первый навык, который приходится осваивать новичку в офисе -спать с открытыми глазами.",330.0,253.0,77.0
Алкоголь полезен - миллионы мужчин не могут ошибаться.,575.0,479.0,96.0
"Если муж отвечает жене ""Нет"", значит, вопрос был что-то вроде ""Ты долгоеще будешь пялиться в свой компьютер?"".Если муж отвечает жене ""Как хочешь"", значит, вопрос был что-то вроде ""Непокрасить ли мне голову в синий цвет?"".Если муж отвечает жене ""Да"", значит, наверняка был задан вопрос ""Ты меняслушаешь?!!"".",682.0,542.0,140.0
"Маленький мальчик написал Деду Морозу:""Пришли мне, пожалуйста, братика"".Дед Мороз ответил:""Нет проблем. Пришли мне свою маму"".www.potupa.net",882.0,778.0,104.0
Этот чай был нежно отобран на границе с ТаджикистаномПринцесса ДуриБеседуйте на здоровье,856.0,640.0,216.0
"- Леха, смотри, какая девушка! Бедра - во, грудь - во!- Саня, успокойся, у тебя очки +10!",898.0,663.0,235.0
"Приказ министра обороны по русификации сообщений WINDOWS:Yes - Есть!No  - Никак нет!OK - Так точно!Pause - Можно оправиться и закурить.Stop - Смирно!Continue - Вольно!Abort - Расстрелять!Retry - Кругом!Ignore - Выполнить любой ценой!Login - Стой, кто идет?Password - Предъявите пропуск!Shutdown - Отбой!Access denied - Не положено!Message - РапортException - Нештатная ситуацияА вместо слова WINDOW, приказываю использовать - АМБРАЗУРА.",951.0,738.0,213.0
"Попал мужик в психушку. Приводят его в палату.Ну, там его и спрашивают:- Ты кто?Он им:- Наполеон.Они разочарованно:- Нуууууу, императоров у нас полно!А он им:- Аааааа, я не император! я - пирожное!",1524.0,1268.0,256.0
"Если вы полчаса ломитесь в дверь и вам не открывают, а за дверьюгудение, значит:а) там без вас гудят;б) это трансформаторная будка.",886.0,866.0,20.0
"Бизнесмен из Нью-Йорка едет по делам в Белфаст на две недели.Его жена просит его пообещать ей, что он ни за что не будетвыходить из гостиницы с наступлением темноты. Чтоб, значит,не попасть случайно в какую-нибудь из политических разборокв этой стране. Прошло две недели. Завтра уезжать. Бизнесменрешает хоть раз посмотреть вечерний Белфаст. Только он вышелиз отеля и повернул за угол, как в спину ему ткнулось дуло иголос спросил:- Католик или протестант?Бизнесмен, не долго думая:- Еврей.Голос:- О...ооо...ооооо... я, наверное, самый удачливый араб в этом мире...",211.0,179.0,32.0
"Гуляет мужик по парку и слышит девичий голос:- Е#ать! Е##ать!!!Подошел мужик поближе, видит - на лавочке сидит девушка. Подсел.- Девушка, что вы так кричите?- Да у меня штаны двадцать штук стоят.- Hу и что? У меня - пятьдесят.- Да лавка окрашена.- Е##а-а-ть!!!",318.0,257.0,61.0
"Тренер утешает проигравшего боксера:- Hо в третьем раунде ты своего противника здорово напугал.- Чем это?- Ему показалось, что он тебя убил.",198.0,179.0,19.0
,,,
"Нарния для взрослых.Лезешь за коньяком в шкаф куда-то в глубину, а шкаф всё не кончается; и вдруг - двери, снег, зимний лес, еловые лапы и фонарь. И ты уходишь туда и возвращаешься через годы, грустный, мудрый и справедливый король. А тут и пяти минут не прошло. Гости смотрят на тебя и спрашивают: ""Где коньяк? Принёс?"" Ты рассказываешь им всю историю, гости переглядываются и усмехаются. Им понятно, где коньяк.",638.0,547.0,91.0
"Пожарные оперативно потушили здание налоговой, но только на 13%.",421.0,372.0,49.0
"Госдума приняла закон о расширении прав граждан. Пардон, о расширении прав полиции в отношении граждан. Дума... расширять права граждан... бред какой-то....",574.0,484.0,90.0
"- Внучек, ты что делаешь?- Пишу письмо Деду Морозу, чтобы на Новый год скутер подарил!- Э.... Вроде большой мальчик, в третий класс уже ходишь. А все в чудеса веришь. Ладно. Как допишешь, приходи ко мне, поможешь видеообращение президенту отправить, поликлиника уж полвека у нас не ремонтированная...",759.0,645.0,114.0
"Украина, Украина, Украина. Утюг включаешь, и там Украина.А помните были новости про козла и тигра. Золотое было времечко.",840.0,723.0,117.0
"""Когда мне становится скучно, я беру кредит и дожидаюсь коллекторов"".(Николай Валуев)",741.0,633.0,108.0
"- Але, мне в лоб только что врезался Камаз...- А вы часом, не с того света звоните?- Да нет, с пушки вот стряхнуть не могу, как ни верчу башней. Помогите!",689.0,582.0,107.0
,,,
"Рыбаков оторвало на льдине и понесло в океан. МЧС сбросило им еду, одежду и аппаратуру. Так быстро и недорого создать полярную экспедицию еще никому не удавалось.",888.0,824.0,64.0
Кратко о послании Президента.1. Всем размножаться2. Бизнес не кошмарить3. Сельское хозяйство развивать4. Аллах наш5. Турции пиздец6. Остальным сраться,1449.0,1144.0,305.0
"Я в детстве спала на двухъярусной кровати, причём на втором этаже.Поэтому я совершенно не боялась подкроватных монстров.""Если что, - думала я, - наедятся и сестрой"".",791.0,713.0,78.0
"Раз качество колбасы люди проверяют на котах, производители вынуждены добавлять в нее Вискас.",450.0,419.0,31.0
"Только папы умеют надеть колготки детям так, что бы две полоски были спереди, и при этом пяточки находились абсолютно на своём месте.",615.0,551.0,64.0
"Скоро возглас ""Наших бьют"" будет сопровождаться только позитивнымиэмоциями.",1090.0,906.0,184.0
"А ведь у нас в России полно мест, где нет ни дураков ни дорог.",547.0,483.0,64.0
,,,
"На международном конкурсе йогов уверенную победу одержал старый ИзяРабинович. 75 лет он прожил, затаив дыхание.",491.0,392.0,99.0
"- Девушка, а пойдемте в кино!- А у вас билеты есть?- Нет.- А презервативы?- Есть.- А пойдемте!",571.0,452.0,119.0
Повар студенческой столовой ходит обедать домой.,366.0,304.0,62.0
"- Дорогой, в этом платье я похожа на секс-бомбу?- Пожалуй, больше на секс-петарду: шума много, а реально посмотретьне на что.©",371.0,270.0,101.0
"- Милая, что тебе подарить?- Все равно что, любимый, лишь бы коробка автомат и компьютерная системанавигации!",492.0,412.0,80.0
"Не откладывай на завтра то, что можешь сделать сегодня, может быть,завтра это уже запретят.",633.0,497.0,136.0
"На проходной Кремля висит объявление: ""Отдам в хорошие руки щенкалабрадора. звонить по телефону с гербом, спросить Вову или Люду""",597.0,425.0,172.0
"Жизнь дается человеку только один раз, но зато каким нелепым способом...",489.0,355.0,134.0
"Умирает теща...- Позовите зятя, хочу с ним попрощаться.Забегает зять с бутылкой водки:- Ну что, давай, теща, на посошок.",964.0,691.0,273.0
"- Слышь, братан! У нас в офисе воры! Понимаешь, я каждый вечер ставлюводку в сервант, а она пропадает, ставлю - пропадает, ставлю - пропадает,ставлю - пропадает...- Подожди, Колян, у нас же в офисе нет серванта!?- Как это нет, вот заходишь и сразу стеклянные дверцы...- Колян! Это ОКНО!",667.0,481.0,186.0
"Армянское радио спрашивают:Какая женщина испытала самые тяжкие мучения за всю историю человечества?Армянское радио отвечает:- Мать Карлсона, во время родов.",1338.0,958.0,380.0
"- Давайте-ка, больной, рубашечку померяем. Так, хорошо.В плечах просто замечательно. Рукава, говорите, длинноваты?А мы их аккуратненько сзади завяжем.",843.0,827.0,16.0
"Hовый русский сделал ремонт, приглашает своего друга оценить его.Тот походил по квартире, посмотрел.....Возвращается и говорит:- Все нормально, только во второй ванной у тебя плитка хреновая,маленькая и коричневая.Хозяин:- Ну пошли посмотрим, чем она тебе не понравилась.Заходят они в ванную, хозяин говорит:- Читай, что на плитке написано.Друг читает:- Pentium PRO.",130.0,99.0,31.0
Вышла Василиса Пpекpасная замyж за Ивана Дypака...и стала Василиса Дypак.,159.0,132.0,27.0
"Париж. Командировочный в гостинице пытается уснуть, но голос за стенкоймонотонно бубнит: ``A la crevetka... A la crevetka...`` Не выдержав, онначинает колотить в стену и орать: ``Прекратите! Дайте поспать!``. Оттудадоносится (тоже по-русски): ``Браток, ты по-ихнему понимаешь? Как по-французкибудет раком?``",222.0,184.0,38.0
,,,
"Когда у меня спрашивают возраст, я отвечаю: я настолько старая, что помню, как HR называли ""отдел кадров"".",450.0,407.0,43.0
Нам всё-таки удалось распространить свою идеологию и менталитет на Запад. Теперь и там боятся квитанций за ЖКХ.,653.0,483.0,170.0
сдаеТся срОчно на длитеЛЬный сроК однОкомнатная Студия дЛя прожиАВния кого угодно. Я НЕ националист!,549.0,443.0,106.0
"Кажется, что этот год настолько неудачный, что если купить лотерейный билет, то проиграешь квартиру.",537.0,476.0,61.0
"То, что женщина выбрала мужчину, ещё не значит, что он не окажется виноватым в том, что она его выбрала.",492.0,443.0,49.0
"Если можно аэропортам, заводам и стадионам давать имена великих людей, то почему нельзя давать имена литературных героев? По-моему, “Сколково” имени Барона  Мюнхгаузена звучало бы просто замечательно. А претендентов на имена Иванушки-дурачка или Бабы-Яги вообще пришлось бы определять дополнительным голосованием.",544.0,482.0,62.0
"Надо будет заслать шпиона к Маску и выяснить, кто и как святит его ракеты.",657.0,526.0,131.0
,,,
"- Сёмочка, щастье моё, мы с папой подарим вам на свадьбу трёхспальную кровать.- Мама, зачем нам трёхспальная?- Сёмочка, неужели ты думаешь, шо мама таки бросит тебя одного с чужой женщиной?!",692.0,583.0,109.0
"Мужик останавливает такси:— На Бородинскую, пожалуйста.— Улицу?— Нет, блин, битву. Опаздываю немного.",905.0,814.0,91.0
"- Что такое ухаживание?- Ухаживание – это период, когда девушка решает, удастся ли ей найти кого-то получше.",626.0,579.0,47.0
"Меня спросили, как люди в моей стране смотрят на лесбиянок.Наверное, мой ответ: ""Как правило, в HD-качестве"" - не совсем то, что они ожидали от меня услышать.",423.0,381.0,42.0
"Я всегда встаю на весы с котом. Независимо от результата, кот - прожорливая скотина, а я - молодец!.",581.0,526.0,55.0
"Оказывается, все космонавты дают расписку хранить в тайне, что Земляплоская и не вертится.",896.0,753.0,143.0
- Просыпайся! Обеденный перерыв!- Идите без меня - я сегодня без обеда работаю...,480.0,399.0,81.0
,,,
В продаже появилось новое пиво Базар! Базар бывает фильтрованный и нефильтрованный!,465.0,359.0,106.0
"Май 1945. Берлин. Кризис.- На кого Вы работаете, Штирлиц?- Я вообще не работаю, Мюллер!- Ну, слава богу, Штирлиц! А то мы уж было хотели и Вас сократить!",509.0,384.0,125.0
Оперативному дежурному Управления по борьбе с терроризмом сталипоступать многочисленные звонки взволнованных граждан: “Бандапидарасов захватила здание в центре Москвы!”Прибывшие по вызову бойцы спецподразделения “Альфа” подтвердили:новая Государственная дума собралась на свое первое заседание.,413.0,320.0,93.0
"- Папа, а почему я самолет еще слышу, но уже не вижу?- Звуковая карта тормозит, сынок.",345.0,250.0,95.0
"Золушки исчезают в полночь, а принцы - ранним утром.",444.0,383.0,61.0
На всех зонах России с энтузиазмом идет подготовка к встрече года Петуха.,523.0,315.0,208.0
"Украинец смотрит по ТВ, как Виталий Кличко ""мочит"" на ринге КиркаДжонсона: ""За шо, Вiталя? Видно i так що вiн не москаль!""",515.0,324.0,191.0
"Урок в грузинской школе.- Гоги, гдэ живут колибри?- В Чэчне, гаспадын учитэль!- ???- А как же, вон их сколько там летает - калибри 5.45, калибри 7.62...",498.0,324.0,174.0
"- У меня жена - как пуля!- Быстрая?- Да нет, дура...",905.0,655.0,250.0
"Приятель жалуется другому:- Вчера случайно разбил любимую вазочку жены...- Да... за такое она тебя по головке не погладит...- Ну да, боюсь вообще не даст...",674.0,453.0,221.0
"Путин вызывает подчиненного на ""ковер"":- Ну, скольких за последнее время замочили в сортире?Подчиненный:- Да одного всего - Лужкова. Не знаю, насколько ""замочили"",но засрали основательно.",1338.0,909.0,429.0
"В бар заходит этакий мачо, и говорит: ""Предлагаю тысячу долларов тому, укого член окажется больше моего!"" Тут встает один маленький горбун иговорит: ""Ну что ж, давай поспорим!"" Все посетители бара валятся на полот хохота. Отсмеявшись, мужик говорит: ""Ну, посмотрим!"", с этими словамирасстегивает ширинку и выкладывает на стойку свое хозяйство: 40 см вдлину и 10 в ширину! Все смотрят на горбатого. Он встает на стул и достаетсвой. Никто не верит своим глазам - метр в длину, 15 см в ширину!Ошарашенный мачо отдает  штуку баксов и говорит: ""Парень, да если бы уменя был такой, я бы сам себе отсасывал!"" На что выигравший ему отвечает:""А ты думал, почему я горбатый?""",748.0,710.0,38.0
"Мужика клопы затрахали. Возвращается как-то домой с работыпьяный и злой. Посмотрел на диван, трахнул кулаком по столу:- А ну-ка, на хрен все отсюда!Клопы испуганно, цепочкой направляются за дверь. Только сзадисамый маленький постоянно оглядывается. Мужик аж протрезвел оттакой картины да как заржет. Самый маленький клоп, радостно:- Мужики! Пошли назад, он пошутил!",63.0,44.0,19.0
"Приходит сын (С) к отцу (О):(С) Папа, что такое счастье?(О) Вот вырастешь, сынок, узнаешь.(С) Правда?(О) Правда, но будет поздно...",102.0,89.0,13.0
"Великая Отечественная Война. В окупированной Одессе подполье поручает одномуиз членов подполья, еврею, расклеить п городу листовки. Проходит два дня,еврея ннет, проходит четыре дня, еврея нет. Уже прошли все сроки, а евреянет. Ну, погиб еврей, думают подпольщики. Помянули его, выпили по 100г.Через полтора месяца еврей возвращается. Ну, все к нему, что мол так долгопроподал? Он и отвечает: а вы думаете легко, в оккупированном городе,продать 1000 листовок?",161.0,129.0,32.0
,,,
А при Трампе яйца были дешевле.,465.0,405.0,60.0
Fоrbеs оценил состояние российских миллиардеров как предынфарктное.,447.0,372.0,75.0
"Песков сообщил, что воссоздание СССР не планируется, планируется воссоздание Российской империи.",505.0,408.0,97.0
На заводе УралВагонЗавод началась ловля трезвых слесарей для вакцинации. Пока не поймали ни одного.,548.0,447.0,101.0
Протесты французов против пенсионной реформы - типичное проявление загнивающего Запада.,583.0,486.0,97.0
"Согласно личному дневнику моего коллеги, он думает, что я за ним шпионю.",466.0,432.0,34.0
"С возрастом я начинаю понимать, почему медведи, которых будят зимой, самые злые.",439.0,400.0,39.0
,,,
На работу хожу быстро.Чтобы не передумать.,559.0,497.0,62.0
"Существуют три ловушки, ворующие счастье:1. Сожаление о прошлом.2. Тревога за будущее.3. Неблагодарность за настоящее.",842.0,752.0,90.0
"Неправду говорят, что с деньгами тяжело расставаться.Гораздо сложнее с ними встретиться!",600.0,550.0,50.0
"Первая беременность - к свадьбе.Вторая - по глупости.Третья - хотели девочку.Четвёртая, пятая и последующие - пусть бегают! Жалко, что ли?..",391.0,344.0,47.0
"Если бы я 25 лет назад знал, что в магазинах будет продаваться столько сортов пельменей, - хрен бы я тогда женился!",575.0,505.0,70.0
"Следуя примеру Путина, дистанцировавшегося от Единой России, дьяволсказал, что не имеет к аду никакого отношения и всегда выступал какнезависимый чёрт.",983.0,769.0,214.0
"Ничто так быстро не оздоравливает, как прейскурант платных клиник.",417.0,347.0,70.0
,,,
"Праздничный коктейль ""Кто кого?"": 500 гр. водки, 50 гр. Виагры.",441.0,333.0,108.0
"Что объединяет сомалийских пиратов и Газпром? И тем, и другим не платитУкраина.msk2004.narod.ru",566.0,405.0,161.0
"2 декабря 2007 года в России прошел один из самых массовых в историифлеш-мобов под рабочим названием “ВЫБОРЫ”.Все необходимые условия флеш-моба были соблюдены: массовость,неагрессивность, и конечно - самое главное - полное отсутствиепрактического смысла.",355.0,273.0,82.0
"Едет мужик по российской глубинке и въезжает в небольшой провинциальныйгородок. На первом же перекрестке чуть не выпадает из машины отудивления... На перекресте со спущенными штанами в позе ""раком"" стоитГАИшник... На следующем перекрестке - та же картина. И так во всемгороде. Слегка офигев от от таких дел, мужик останавливается испрашивает у местного:- Мужик, а че это у вас здесь происходит? Что за клоунада с ментами???- Да это из соседней колонии сбежал рецидивист-пидораст, вот засады нанего по городу и расставили....abo-jan",442.0,294.0,148.0
"Двое подростков беседуют.Маша:- Вова, а у тебя на меня стоит?Вова, интилегентный мальчик лет пятнадцати, поправляя очки:- Знаешь, Маша, у меня в данный момент гиперсексуальность, у меня стоитдаже на линолеум.",487.0,402.0,85.0
Встречаются москвич и питерец -Питерец:- У нас с приходом к власти ВВ в Питере теперь каждая вторая машина -джип.Москвич:- Да?! А у нас каждая вторая инкассаторская.,422.0,236.0,186.0
Какой сексуальной ориентации была Белоснежка?Гномосексуалисткой.,477.0,291.0,186.0
"Три молодых американца сидят в баре пьют виски, двое из них белыеи один черный как сапог.Один белый говорит:- Что не говори, а в моих жилах течет английская кровь.Два других спрашивают:- Почему?- А мои прадедушка и прабабушка имели другое мнение по религии в Англиии эмигрировали в США.Другой белый говорит, что в его жилах течет русская кровь, потому какего прадедушка и прабабушка бежали от красной чумы в России.Черный, подумав, говорит:- В моих жилах тоже течет английская кровь.Два белых с удивлением смотрят на него. Он отвечает, что раньше чемпоймали его прадедушку в рабство и увезли в США, он успел съесть двухангличан в Африке.",479.0,270.0,209.0
"Прапорщик объясняет новобранцам:- Лицо солдата - это его сапоги. Они должны постоянно сиять как улыбкаидиота. Кто не понял, посмотрите на меня.",752.0,533.0,219.0
"- Дочка, и куда же ты собралась в таком наряде, а эти губы вообщене принято помадой красить.",699.0,435.0,264.0
"Новый русский приезжает к братве на новом навороченном джипе.Все братаны собрались, обсуждают дорогую покупку. Тачка, без слов,вся в наворотах, прибамбасах, в общем, самолет на колесах.Один подходит:- Слушай, а че у тебя протектор на резине новый какой-то странный.- Да это покрышка сделана из крокодиловой кожи. Ее даже на зимушиповать не надо, она сама на морозе пупырышками покрывается.",1126.0,699.0,427.0
"- Вот вам сапоги, которые вы заказывали для вашей новой полярнойэкспедиции. Hадеюсь, вам понравились те, которые я сделал длявашей прошлой экспедиции?- Да, очень. Это были самые вкусные сапоги, которые я когда-либо ел.",529.0,511.0,18.0
"- Как определить, что факс отправила блондинка?- На нем будет почтовая марка.",28.0,21.0,7.0
"- Понpавились ли вашей собачке консеpвы, котоpые я пpивезпpошлый pаз из Англии?- Hасчет собачки не знаю, но жена была в востоpге...",66.0,57.0,9.0
"Рабочий каждый день приносит с собой завтрак - бутерброд с килькой.Однажды к нему подошел секретарь парткома:- Завтра завод посетит иностранная делегация, так что ты, Иванов возьмииз дому что-нибудь получше?Назавтра Иванов на глазах иностранцев развернул и съел бутерброд с чернойикрой.- Молодец, не подкачал! - говорит ему потом секретарь.- Как это тебе удалось достать черную икру?- Всю ночь не спал, глаза из килек выковыривал ...",103.0,83.0,20.0
,,,
"Вычитал, что следующий год зеленого дракона. Это ж Зеленый змий!",353.0,304.0,49.0
"Как грамотно написать письмо в саппорт?— Уважаемые господа! Уже много лет я являюсь Вашим клиентом, и, испытывая чувство глубокой благодарности за отличные программные продукты, я никак не могу понять, какого, собственно, хуя (далее описание проблемы).",391.0,339.0,52.0
Борьба за равноправие заканчивается при получении привилегий.,335.0,297.0,38.0
"Что бы напечатать фотки из зимнего Питера, иметь цветной принтер не обязательно.",404.0,343.0,61.0
"Написал в письме Деду Морозу: ""Хочу в новом году стать другом Путина!"". Пришли домой двое в штатском и доходчиво объяснили, что Деда Мороза не существует.",543.0,453.0,90.0
"Россия снижает зависимость от цен на нефть.Теперь и при 30 долларах за баррель, и при 60, живём так, как при 7 долларах за баррель.",635.0,499.0,136.0
"Бах: - А еще мы пожизненно отстраняем Мутко от Олимпиад!Мутко: - Бля, на хера я английский учил?!...",496.0,419.0,77.0
,,,
"Чем ярче горят мосты за спиной, тем светлее дорога впереди.",579.0,495.0,84.0
"Прочитал про светскую львицу и её мужа. Нет, все-таки про тигра и козла интереснее...",645.0,574.0,71.0
"Мужик возвращается домой от врача очень обеспокоенный. Жена его спрашивает:- Что с тобой?- Все очень плохо: врач дал мне таблетки и сказал, что мне придется их пить всю жизнь.- И что же в этом такого страшного?- А то, что он мне их дал всего 7 штук.",574.0,525.0,49.0
Купил как-то банку бразильского растворимого кофе. Думал - он. Дома попробовал - оно.,383.0,333.0,50.0
"Помощь психолога - это, конечно, хорошо!Но просто поорать матом - гораздо дешевле...",497.0,446.0,51.0
Судья: почему вы не выполнили требования сотрудников полиции?Навальный: нас окружили и требовали разойтись.,885.0,703.0,182.0
"Молодая пара сидит в кино. В течение всего сеанса партнер нежно обнимаетдевушку. Сидящая сзади женщина говорит ему:- Слушайте, а вы не могли бы делать это дома?- Я бы с удовольствием, но дома жена...",439.0,354.0,85.0
,,,
"- Свет мой зеркальце, скажи, да всю правду доложи. Я ль на свете всехмилее, всех румяней и белее?- Ты прекрасна, спору нет. Но румяней и белее одновременно не бывает,дура ты последняя!",507.0,364.0,143.0
"- Какой ты бессовестный! Стоит тебе увидеть смазливую девчонку, как тызабываешь, что женат!- Напротив, дорогая! Как раз тогда я тут же об этом вспоминаю!..",400.0,295.0,105.0
Сделай из мухи слона! Гранатомет “муха” - лучшее средство от слонов.,303.0,217.0,86.0
"Мальчики!Если вас уж так интересует анальный секс, то разбирайтесь между собой.Подпись: девочки.",388.0,258.0,130.0
"Вслед за старым рекламным лозунгом ""Ты лучше""МТС собирается использовать два новых:""У тебя больше"" и ""Ты чаще"".",448.0,367.0,81.0
Гимн России - в переводе Гоблина.,469.0,247.0,222.0
"В детстве я никак не мог понять, как вэрослые могут пить эту вонючуюводку, когда есть такой обалденно вкусный лимонад; на все мои вопросыродители отвечали: дескать вырастешь, поймешь. Ну что ж, вырос. Понял.Теперь не понимаю, как можно пить просто так этот приторный лимонад.Iron Master",441.0,267.0,174.0
Хусейн извинился перед Кувейтом за вторжение 90-го года и предложилобъединиться.,391.0,208.0,183.0
"ПРИНЯЛИ ЗА ИДИОТАврача - нарколога Шмитта Илью Александровича его коллеги. И дажепоместили его в сумасшедший дом. Руководствуясь соображениями медицинскойэтики, Илья Александрович не стал оспаривать ошибочный диагноз коллег. Ондождался, когда все легли спать, и продемострировал незадачливымэскулапам разницу между идиотом и шизофреником - серийным убийцей,склонным к садизму.",804.0,449.0,355.0
"В самолете инструктор разъясняет начинающим парашютистам правила передпервым прыжком:- Вот теперь мы начинаем прыгать! Не забывайте - выпрыгнул и начинаешьсчитать: один, два, Караганда - и дергаем за кольцо, открываем парашют!Все ясно? Ну, пошли!Все новички по очереди выпрыгивают, последним прыгает Вася с ярко-краснымпарашютом. Инструктор выглядывает из самолета, считает раскрывшиесяпарашюты - нигде нет красного купола. Вася как в воду канул, нигде невидно. Инструктор высовывается из самолета еще больше, напряженно смотритвниз и вдруг замечает, что Вася одной рукой держится за крыло самолета,а другой машет ему и кричит:- Эй, а ну-ка еще раз, как называется этот город?",473.0,310.0,163.0
"Зашел мужик в бар типа пивка попить. Пьет себе и видит - бар странныйкакой-то, одни мужики, и у всех рожи педерастические. Ну, думает,попал. Надо сваливать. Быстро пиво допил, забежал отлить в туалет,а там картинка - трое мужиков одновременно трахаются. Ну, этот мужикотттуда выскакивает и к бармену:- Там это...ужас у вас в туалете. Трое в цепочку выстроились...и это... Кошмар.А бармен так спокойно:- Тот что в середине, он такой здоровый, с рыжей бородой?- Точно. А как вы догадались?- Интуиция. Этот хрен, он и в покер всегда выигрывает.",540.0,511.0,29.0
"- Почему летчики бывают лысые и седые?- ???- Лысые - потому что в летные училища набирают кого ни попадя,они начинают учиться, учиться, учиться и от перенапряжения лысеют.- А седые?- А седые бывают от того, что они с лысыми летают.",31.0,20.0,11.0
"Приходит мужик к соседу и говорит:- Миколо, дай два ведра воды.- Та бери ж уже...Взял, пошел к себе, а хозяин и думает:- Тю, блин, та у него ж такий же!?Надо ж посмотреть, зачем ему вода!Вышел на крыльцо и смотрит: сосед подходит к своему колодцуи выливает эти два ведра в него. Первый же в непонятке:шо за х...ня? Тут опять приходит этот сосед и просит еще дваведра воды. Первый не выдержал:- Та на який х...й тобi та вода?- Теща йшла по двору та впала у колодязь.- Ну так i шо?- Так халэпа ж, води тiлькi по груди!",37.0,24.0,13.0
"Супружеская чета ссорится по поводу цвета, в который надо покрасить потолок вспальне. Решают спросить у кого-нибудь постороннего. Выходят на улицу и задаютэтот вопрос случайному прохожему. Тот отвечает, поразмыслив: ``Мне кажется,права Ваша жена, мсье``. - ``Почему?`` - спрашивает муж. Прохожий тонко улыбается:``Мне кажется, она чаще Вас видит потолок в спальне``. Супруги недоуменнопереглядываются: ``Месье - провинциал?``",83.0,67.0,16.0
,,,
"Общество, которое говорит мужчине без денег, что он не достоин женщины, не имеет права требовать от мужчины с деньгами быть достойным только одной женщины.",394.0,295.0,99.0
Причины головной боли у женщин:а) Давлениеб) Стрессв) Цветочная пыльцаг) Плохие запахид) Мамае) Детиж) Начальникз) Коллегии) Секск) Деньгил) Отсутствие детейм) Отсутствие сексан) Отсутствие денег.Причины головной боли у мужчин:а) Женщинаб) Удар топором.,392.0,321.0,71.0
"Создатель Вселенной:- Я дарую тебе величайший шанс: у тебя есть всего один вопрос, который ты можешь мне задать.Я:- Какой?",335.0,278.0,57.0
"Цезарь стал салатом, Наполеон - тортом. Интересно, чем потом станет Путин?",530.0,406.0,124.0
"Как вкладчик ВТБ, я ведь тоже немножко… ну, как могу… содержу Наилю Аскер-заде.",507.0,412.0,95.0
"- Уважаемые пассажиры, через несколько минут мы совершим посадку в аэропорту имени Ломоносова. По выходу из самолёта вы с ближайшим рыбным обозом пешком отправитесь в Москву.",558.0,434.0,124.0
Пойду домой. Сегодня дома никого нет. Я не могу это пропустить.,408.0,364.0,44.0
,,,
Не расстраивайся из-за людей. Они все умрут.,555.0,480.0,75.0
"Мне кажется, что госнаркоконтроль уделяет мало внимания людям, которые придумывают узоры для ковров.",619.0,547.0,72.0
"Краткое содержание заключительного сезона медицинского сериала  ""Интерны"": врачей сокращают, больницу сносят, на её месте возводят храм.",687.0,553.0,134.0
"В Украине студентов освободили от занятий. И они с радостными криками ""Не учиться, не учиться и еще раз не учиться"" снесли памятник Ленину.",454.0,366.0,88.0
"Попытался заменить в своём лексиконе ""Да вы ох*ели!"" на ""Да вы, верно, шутите?"". Эффект поразительный.",509.0,451.0,58.0
"- Сёма, ну как ужин, вкусно?- Ты что, Люся, опять поругаться хочешь?!..",602.0,518.0,84.0
"В магазине:- Послушайте, ваше средство от моли никуда не годится. Моль жрет его судовольствием!- Тогда все в порядке. Пока она жрет, ей не до одежды.",392.0,319.0,73.0
,,,
"- Вова, а что мы будем делать, если народ захочет нас придушить?- Не боись, Дима. За границу сбежим.- А через какую границу пойдем?- Через китайскую.- Китайская граница далеко.- К тому времени будет близко.",506.0,354.0,152.0
"Одну известную актрису и телеведущую спросили:- В чем, по Вашему мнению, заключается секрет успеха?- Главное - оказаться нужным местом в нужное время.",402.0,292.0,110.0
Незатейливый свекольный салатик украсит ваши стол и стул!,266.0,173.0,93.0
Объявление в Москве от 08.12.2006Подарю лыжи.,319.0,219.0,100.0
"Билл Гейтс на приеме у своего психоаналитика:- Мистер Гейтс! Я еще могу согласиться, что все зло в мире от яблок ипингвинов, но что именно в вашу честь миллиард назвали биллионом...",406.0,310.0,96.0
"Если бы мужчина как лев мог спариваться 50 раз в сутки, то сколько жеему потребовалось бы здоровья, чтобы столько курить.",433.0,188.0,245.0
Надпись на кабинете рентгеноскопии: Просветим Вас в любой области.,321.0,186.0,135.0
"В. С. Черномырдин открыл гостиницу для иностранных туристов и назвалHotel ""Kak luchshe""",411.0,204.0,207.0
Правительство США объявило награду за голову Бен Ладена - 25 000 000$.Правительство Израиля подумало и добавило к этому 30 серебрянников.,743.0,409.0,334.0
"Негр идет в церковь. А у входа табличка - ""Только для белых"".Он разворачивается, идет, горюет:- О Боже, что ж за жизнь такая, даже в церковь не пускают!...А тут ему голос с небес:- Да ты, парень, особо не переживай. Я там тоже не бываю...",490.0,318.0,172.0
"- Дорогой, мне кажется, нам пора завести ребенка.- Это зачем еще?- Ну кто-то же должен выносить мусор.",433.0,422.0,11.0
"Откуда берутся вьетнамские имена?После рождения ребенка папа швыряет на кухне об пол кастрюлю.Как прогремела, так и назвали - Бам Ван Донг, Хан Лонг Гонг.....",23.0,15.0,8.0
"- Жоpа, возми меня...- С собой?- Hет, сейчас.",28.0,19.0,9.0
"``В подъезде стояли трое: он, она и у него``",53.0,44.0,9.0
,,,
- Чего бы водрузить на вершину ёлки?- Грабли!- Почему грабли?!- Ну вилы - не наш символ...,322.0,225.0,97.0
"Единственный человек, с которым вы должны сравнивать себя – это вы в прошлом.И единственный человек, лучше которого вы должны быть – это вы сейчас.© Зигмунд Фрейд",348.0,295.0,53.0
"Женщина, помни: разводясь с мужчиной, ты толкаешь его обратно в зону комфорта!©",334.0,275.0,59.0
"Бабушка попросила купить ей локдаун, так как услышала по ТВ, что локдаун - лучшее средство против коронавируса.",392.0,325.0,67.0
"Слежка установила, что объект страдает манией преследования.",380.0,346.0,34.0
"Российским конструкторам удалось создать автомобиль, имеющий аналоги в мире.",481.0,393.0,88.0
"Врач сказал, что тренировки добавят мне годы жизни. Я сделал 15 отжиманий и чувствую себя на 85 лет.",412.0,351.0,61.0
,,,
"Бога никто не видел, но в него верят. Депутатов видели все, но в них не верят.",498.0,415.0,83.0
"Человечество высадилось на Луну раньше, чем изобрело чемодан на колёсиках.",607.0,530.0,77.0
Секрет продвижения по службе.Получил зарплату младшего научного сотрудника. Перевел в доллары. Через 2 дня доллары продал и получил зарплату старшего научного сотрудника.,478.0,410.0,68.0
Позавчера Олег Газманов наконец-то закончил прыгать над новым альбомом.,324.0,278.0,46.0
Развитие интернета уже намного опередило развитие его пользователей.,446.0,404.0,42.0
"Можно дружить семьями, драться дворами, соревноваться школами, а Кадыровдоказал, что можно ещё и голосовать республиками...",672.0,546.0,126.0
Новую собаку Владимира Путина в конце концов решили назвать в честьхозяина - ВлаПу.,471.0,354.0,117.0
,,,
"Старость - это когда резиновую женщину используешь вместо грелки,наполняя её на ночь горячей водой.",364.0,267.0,97.0
"Если женатый мужчина говорит: ""Мне надо это обдумать"", значит он пока незнает, что на это скажет его жена.",389.0,275.0,114.0
МТС: новый тариф “Шиза” - позвони себе сам!,178.0,125.0,53.0
"Боюсь огорчить, но результаты Вашего вскрытия...",258.0,163.0,95.0
"Что ждать от современного кинематографа?1. Если главному героя приставили к голове пистолет огромного размера, излодей просит его помолиться перед смертью, значит через секундусексапилньая дамочка обязательно даст ему лопатой по голове.2. Если в мчащегося на мотоцикле героя сбоку стреляют из автоматов 20человек, то следы от пуль будут равномерными линиями вздыматьсяпаралельно направлению движения героя.3. Таймер на детонаторе всегда остановится за 0,01 секунду до всеобщегопи**ца.4. Если, даже в самую кошмарную автомобильную аврию попадаетположительный герой, он с небольшими кровоподтеками на лицесамостоятельно выберется из разбитой машины.5. Если же в аврии участвует отрицательный герой или вообще посторонниелица, то с вероятностью 100% экран телевизора украсится взрывомужасающего масштаба.6. Джеймс Бонд не умрет никогда.7. В любом фильме с Камерон Диаз ее кто-нибудь трахнет.",433.0,323.0,110.0
"Пир у Екатерины. Тост Потемкина:- Я пью за тот ход, откуда вышел весь народ!Ответный тост императрицы:- Я пью за здравие ключа, который входит, не стуча!",474.0,207.0,267.0
"Английский лорд важно говорит своему дворецкому, который кормит рыбок ваквариуме:- Джон, завтра мы уезжаем в мое имение, пожалуйста, передайте Смиту, чтов течение месяца он будет солить рыбок вместо Вас!VxL",394.0,222.0,172.0
- У моего компа появился вирус.- И что ты сделал?- Укол.- Куда?- Под мышку...,400.0,197.0,203.0
"Новый русский говорит жене:- Давай твою маму в санаторий для глухонемых на месячишко-другойотдохнуть отправим.- Что она там будет делать, у нее прекрасная дикция и изумительный слух.- А как насчет пословицы: ""С кем поведешься - от того и наберешься""?- Идиот, эта пословица не работает. Твоя жена гинеколог, а ты до сихпор ж%&у с п%&дой путаешь.",890.0,313.0,577.0
Пятнадцать радостей брака для мужчины:1. Бесплатный секс2. Готовая еда3. Чистые и глаженные вещи4. Есть на кого сорваться5. Есть на кого все свалить6. Есть кому изменить7. Есть с кем смотреть телик8. Есть кому убирать дом9. Есть кому рожать10. Есть на кого пожаловаться11. Есть от кого прятать заначку12. Есть кого послать13. Есть кого побить14. Есть кому быть матерью15. Есть с кем развестись,647.0,376.0,271.0
"Папаша ругает своего сына:- @#$#@, совсем обленился, не работаешь, не учишься. Хотя бы женился,жена родила бы тебе детей, может образумишься.Сын:- Хорошая мысль, папа, а ты не знаешь где можно найти беременную невесту?",403.0,393.0,10.0
Гормонально развитая личность.,13.0,9.0,4.0
"Идет слоненок по джунглям, навстpечу ему удав:- Здpавствуй, слоник *уй во лбу.Слоненок не обpатил внимания. Опять встpечает удава, тот:- Здpавствуй, слоник *уй во лбу.Слоненок обиделся и побежал к маме жаловаться.Та ему сказала, что нужно сделать. Опять встpечает удава.- Здpавствуй, слоник *уй во лбу.- Здpавствуй, моpда на *ую.",20.0,13.0,7.0
"Летят два комара, вдруг один падает внизВторой спрашивает:- Что случилось?(1) - Да муха в глаз попала.",49.0,38.0,11.0
,,,
"- Петрович. Вот бабы говорят, что ты – отменный любовник, что руки у тебя золотые, и ты мастер домашний отменный. Да и трудолюбивый. И, при кажущейся простоватости, начитан, образован, по театрам и концертам ходить. Да и не пьешь.- Опять эти незаслуженные наговоры…",238.0,168.0,70.0
Цель гуманитарного образования - научить человека философски относиться к вечной нехватке денег.,269.0,237.0,32.0
"Как правильно пить красное вино:1. Откройте бутылку и дайте вину подышать.2. Если вам кажется, что вино не дышит, сделайте бутылке искусственное дыхание ""рот в рот"".",361.0,283.0,78.0
"Местная реклама: ""Купи шубу по цене фабрики"". Какая-то дорогая шуба.",340.0,293.0,47.0
"Фонд борьбы с коррупцией, учрежденный правительством, был расхищен неустановленным кругом лиц.",400.0,317.0,83.0
Из-за массовых сокращений в сфере здравоохранения в больнице теперь принимает ухо-горло-глазо-сердце-почка-нерво-зубо-нос.,422.0,348.0,74.0
"Наконец-то кандидат ""Против всех"" Собчак получила достойного соперника - кандидата ""Все за меня"".",499.0,387.0,112.0
,,,
"Вступать в полемику имеет смысл только с человеком, которому интересно ваше мнение. Все остальное, как правило, бесполезная трата времени и душевных сил.",426.0,371.0,55.0
"- Доктор, как прошла операция?- Ещё никак, но раз уж вы не спите, придержите зажимчик вот здесь.",584.0,508.0,76.0
"— Я считаю, что ты неправ.— Пересчитай.",427.0,380.0,47.0
Проспал 11 часов и не выспался. Я такой ненасытный в постели!..,288.0,256.0,32.0
"Раньше говорили СЫН ПОЛКА, и все вокруг понимали, что паренёк воюет за Родину...А сейчас говорят ДОЧКА ОБОРОНСЕРВИСА, и все понимают - чья-то любовница опять ворует...",470.0,407.0,63.0
"У мужика в клетке жил попугай. И вот у этого попугая стал загибатьсяклюв, и попугай уже не мог клевать корм. Мужик испугался и побежал кветеринару. Тот ему посоветовал:- А вы напильником аккуратно подпилите, и всё будет хорошо.Встречает как-то доктор мужика и спрашивает:- Ну и как попугай?- Да сдох.- Как?! Это же безопасная процедура.- Да я подозреваю, он ещё в тисках сдох.",594.0,475.0,119.0
"По мнению экспертов Правительства, в России уже прямо в следующем годуможно будет создать сеть платных дорог.Исследования показали, что для этого не нужны ни инвестиции ни,собственно, сами дороги. Достаточно при въезде на любую дорогу брать по100 рублей при условии, что там не будет ни одного гаишника...",372.0,299.0,73.0
,,,
"Умом Россию не понять, и остается только печень...",363.0,231.0,132.0
"Заявление в ГАИ на выдачу дубликата номеров.""Двигаясь на технически неисправном автомобиле, по встречной полосе, всостоянии алкогольного опьянения проехал перекресток на красный свет.Заметив это, резко затормозил, потерял управление и врезался вобледеневший сугроб. В результате у автомобиля отвалился бампер спередним номером. Не заметив этого, сдал назад и уехал домой. Пропажуобнаружил в конце следующего дня... """,343.0,238.0,105.0
"Девушка приходит к врачу:- Доктор, я разговариваю с плюшевыми игрушками. Это нормально?- Ну, многие девочки в детстве разговаривали со своими игрушками...- Да, но они мне отвечают!- Это уже сложнее. А кем вы работаете?- Тетей Оксаной в ""Спокойной ночи, малыши""...",170.0,118.0,52.0
Люди! Погода зависла! Перезагрузите!!!,247.0,149.0,98.0
После выборов в Тамбовской области в областную думу герб областипоменяли (был улей и три пчелы) на медведя жрущего мед.,345.0,257.0,88.0
Вам никто не звонит? Не приходят SMS-ки от друзей?Положите на мобильник!,401.0,110.0,291.0
"Разговариваю 2 новых русских:- Прикинь, сегодня у своего джипа колесо проколол об бутылку кефира.- Как это ты ее не заметил?- А че ее под пальто прятали....",401.0,192.0,209.0
Шахид - кавказец за рулем ВАЗ 2106,388.0,168.0,220.0
"- Дяденька, извините пожалуйста, разрешите мне, пожалуйста, попросить вас?- Конечно, мальчик!- Иди на хуй отсюда, пиздюк ебнутый, мать твою в рот ебать!",998.0,268.0,730.0
Английский я выучил еще в школе. Наизусть.,456.0,277.0,179.0
"В одном старинном доме жили два врача разных взглядов на психотерапию.Встречаясь каждое утро, проходя мимо швейцара, они здоровались друг сдругом и затем один из них плевал в лицо другому. Тот доставал платок,утирался и они расходились. Два года швейцар терпел все это, на третийне выдержал и спрашивает у того, кто плевал:- Что такое случилось, что вы каждое утро плюете в лицо своему коллеге?- Не знаю, это его проблемы.",299.0,284.0,15.0
"Заходит мужик в приемную директора и ждет приема.Из кабинета директора выходит другой, весь красный,взъерошенный, глаза бешеные, спрашивает первого:- Ты чего здесь делаешь?- Да вот вызвали, сказали - заслушивать будут...- Ну да, певец нашелся, ебать тебя будут, а не заслушивать!",16.0,9.0,7.0
"Хоронят нарка. Идет похоронная процессия, а впередидва чувака несут венок, на ленточках которого написано:``Вася, ты не умер - ты гонишь!``",19.0,11.0,8.0
На повестке дня колхозного партсобрания два вопроса: строительство сарая истроительство коммунизма.- Ввиду отсутствия досок сразу переходим ко второму вопросу - сразу началпарторг.,33.0,27.0,6.0
,,,
"Атеист, дружественный к верующим — БОЖЕПОЗИТИВНЫЙ",240.0,148.0,92.0
Наполеон Бонапарт и Гай Юлий Цезарь собрались за столом.- Что есть будем?- Давай салат и торт.,336.0,262.0,74.0
Лайфхак как избежать 3-й мировой: Посадить двух пенсионеров перед компьютерами и включить скайп.,436.0,304.0,132.0
"Мало кто знает, что для визита Путина построят второй Тобольск, чтобы граждане не знали, в каком именно он находится.",465.0,346.0,119.0
"Каждый год смотрю конкурс «Евровидение» и всегда удивляюсь его популярности. Нет, но каким же идиотом надо быть, чтобы из года в год смотреть «Евровидение»!",368.0,297.0,71.0
— Я так больше не могу. Нам нужно расстаться.— Это потому что у меня член 13 сантиметров?— Да.— Пиздец ты суеверная!,499.0,384.0,115.0
"Меня раздражают люди, кто говорит, что ""тебе не нужен алкоголь, чтобы радоваться жизни"".Чтобы бегать не нужна спортивная обувь, но она блин реально помогает!",465.0,355.0,110.0
,,,
"Не забывайте, что приём шоколада для ускорения работы мозга эффективен только когда есть что ускорять, иначе можно остаться тупым и жирным.",424.0,368.0,56.0
Правительство призывает к импортозамещению.Недовольные российские граждане будут замещены довольными импортными.,655.0,528.0,127.0
"- Слышь, Вань, смотри какие клоуны!- Зин, ну сколько можно! Тебе еще не надоели смотреть эти дебаты в думе?",415.0,343.0,72.0
"Ты упорно тренировался весь год, распутывая наушники. Теперь я вижу, что ты готов к самому суровому испытанию. На, держи! Это новогодняя ёлочная гирлянда...",294.0,255.0,39.0
"Девушки, выходите замуж! Ни один мужчина не должен остаться безнаказанным!",460.0,389.0,71.0
"Вовочка сидит, обедает. Видит на столе торт, и спрашивает маму:- Мам, а этот большой кусок торта, ты для себя оставила?- Нет. Для тебя.- Такой малюсенький кусочек?",650.0,498.0,152.0
"Правительство не станет для населения увеличивать срок выхода на пенсию.Ежегодно повышая на 20% платежи за коммунальные услуги и снижая такимобразом возможности для выживания пенсионеров, власти удерживают ихобщее количество на минимальном, приемлемом для себя уровне.",416.0,319.0,97.0
,,,
Что за ирония судьбы: почему в КВД всегда самые красивые медсестры?,282.0,187.0,95.0
"Змей Горыныч может пить, есть и дышать на гаишников одновременно.",238.0,170.0,68.0
"Ученые заверяют, что неандертальцы вымерли 30 тысяч лет назад. Хотятолько что один подходил, просил документы предъявить.Нольвосьмидесятый.",161.0,102.0,59.0
Экстравакантная дама,199.0,107.0,92.0
"Дон Кихот: Санчо, ты мне друг?Санчо: Нет уж, Дон, хватит! Давай до баб доедем!",261.0,194.0,67.0
"Две сестры, глухонемые от рождения, вышли замуж в один день. Наследующее утро они рассказывают друг дружке о проведенной первой брачнойночи. Первая с довольной улыбкой на лице показывает сестре два апельсинаи сардельку.А вторая первой со слезами на глазах показывает две горошины изубочистку.",466.0,110.0,356.0
"Курсант школы милиции попал на время практики в следственный отдел вРОВД своей родной деревни. Как то выезжает опергруппа на убийство, и онс ними. В одном дворе, рядом с большей кучей дров находят мертвогомужчину, лет пятидесяти. Седователь осмотрел место проишествия, закурил,и начал писать протокол: На Ул. Пушкина,45 был обноружен труп мужчины,волосы темные, рост средний, голова окровавлена. Со слов понятых,мужчина с утра колол дрова, бревно во время удара отскачило, и ударилоего по голове. Отсюда с уверенностью можно сказать, что это несчастныйслучай.Курсант подходит к следователю, и говорит на ухо: ""тов. лейтенант, так унего же из спины топор торчит, не похоже на несчастный случай...""- Это как это не похоже, еще как похоже, бревно по голове отскочило, атопор по спине... - с кем не бывает.",408.0,163.0,245.0
"Из заявления: ""Примите меня в КП. В СС я уже был.""",411.0,127.0,284.0
"Дочка пишет маме письмо: приветик мама, у меня все хорошо, у меня СПИД.Мать, прочитав такое, вылетает к дочке.Приехав к дочери, мать спрашивает:- Это правда?!!Дочь:- Мам, ты что, это я для конспирации написала:Сахар Приобрела Ищи Дрожжи",850.0,128.0,722.0
"Летят в самолете Путин, Кучма и Лукашенко. Неожиданно загорается двигатель,и самолет начинает падать. Все трое ищут спасательные средства,но оказывается, что есть только один парашют на троих.Лукашенко говорит:- Давайце устроим рэферэндум. Хто пабедзит, тот и прыгнет с парашутам.Кучма и Путин согласились. ""Повезло"", естественно, Лукашенко, и тот выпрыгнулс парашютом.Самолет продолжает падать, а Кучма говорит Путину:- Что-то, Володя, я не пойму: нас тут трое было, а Григорьевич выйгралу нас с преимуществом в 10 голосов.Тарас Кутняк",552.0,301.0,251.0
В женском батальоне.- По порядку номеров расчитайсь!- Первый.- Второй.- Третий.- Нулевой!- Как нулевой!? Вот почему грудь четвертогочеловека не видать!!!,299.0,279.0,20.0
"Гениталии всех стран, соединяйтесь!",18.0,10.0,8.0
"Гоpбачев пеpед сном молится:- Господи, напpавь и укpепи... господи, напpавь и укpепи...Раиса:- Мишенька, ты бы молился об укpеплении, а напpавить яи сама могу.",18.0,9.0,9.0
В понедельник Штирлица повели на растрел.- Тяжело начинается неделя - подумал Штирлиц.,32.0,26.0,6.0
