id,joke,label
0,"Бессонница не столько мешает спать, сколько заставляет думать...",1
1,Импланты для ягодиц - изощренный способ засунуть деньги себе в задницу.,4
2,"- У нас рекордно низкая безработица, близка к нулю. И продолжает снижаться.- Но может ли безработица быть ниже нуля???- Конечно. Некоторые на двух работах работают.",4
3,"- К сожалению, мы не можем взять вас на работу. Шеф говорит, что рискованно брать на работу любителя коньяка.- Но с чего вы взяли, что я любитель коньяка?- Вы в переписке постоянно пишете ХОрошо.",3
4,"Жена мужу на отдыхе.- Я тебя на минуту отпустила к шведскому столу, а у тебя уже палец в крови.- Просто у пармезана очень тонкие ломтики, вот я и порезался, когда брался.",1
5,"Есть куда более постыдные и аморальные профессии, чем проституция, которые не запрещены. Например, риэлтор.",4
6,Гарри Поттер и неиссякаемая бутылка рома. Сказка для взрослых мальчиков.,1
7,На ЕГЭ попался волосатый бланк ответов. Пришлось подать эпиляцию.,2
8,"Два тестировщика в баре:— Ты как будешь, виски или водку?— Давай виски, но разбавленный.— Зачем? Так же невкусно!— Зато больше тест-кейсов можно покрыть.",0
9,В жопу этот алкоголь! Сказал сантехник и нажал на клизму.,2
10,"- Доктор, у меня такая проблема... После 21:00 начинает страшно голова болеть. Чтобы это могло быть?- Голубчик, а о смене пола вы не задумывались?",4
11,Из всех видов спорта обливание своим потом пока что самый олимпийский вид!,0
12,"В параллельной вселенной: ""Внимание! В России принят новый закон, обязывающий всех граждан быть счастливыми. Тех, кто не выполняет норму счастья, будут штрафовать и отправлять на принудительные курсы позитивного мышления.""",0
13,"Генсек ООН приехал на саммит Шанхайской организации сотрудничества, и скромно спросил,- Мне у вас местечка не найдётся? А то в энтом ООНе, мне и пёрднуть нельзя...",1
14,"После выпуска новостей, посетила мысль:Кто-нибудь знает, вообще, как звали капитана «Титаника», остались ли у него родственники?",2
15,"Независимо от того, пышка девушка или нет, но пара булочек и пирожок всегда при ней",2
16,"- Эмма Сигизмундовна, вопрос как к профессионалу: вот кто вам больше нравится - Дон Кихот или Дон Жуан?- Как любительнице - Дон Периньон.",0
17,"Если женщина спрашивает у тебя совета, задавай ей наводящие вопросы - это позволит тебе понять, какого именно совета она от тебя ждет.",4
18,"- Моня, а почему в Латвии строительство ""Reil Baltika"" назвали ""Стройка Века"" ?- Шлёма я тя умоляю - они собираються ВОРОВАТЬ на этом ЦЕЛЫЙ ВЕК !!!",4
19,"Лет через 50...- Смотри, что я придумал! Просто нажимаешь кнопку на стене и свет тихо включается или выключается! И не надо орать ""Алиса включи свет"".",0
20,"Что мне понравилось в этом фильме - так это то, что в нём всего 2 серии.",1
21,"- Ало? Кто это зво́нит?- Не зво́нит, а звони́т!- А чойта вы на меня ки́даетесь?- Не ки́даюсь, а кида́юсь! Не кида́юсь, а бросаюсь! Не бросаюсь, а вежливо поправил! И вообще, не звоните мне больше!- Так это ж вы сами мне зво́ните, ало!- Аргх! [бросает трубку]",1
22,"Замкнутый круг какой-то: мать сказала слушать отца, а отец сказал никогда не слушать баб...",4
23,"- Хорошо, дождичек прошел! Полегче стало. Гроза вроде собирается…- Да, слава богу, дотуда наши радетели об народе еще не дотянулись…",1
24,"""Опять двадцать пять"" в Кыштыме не присказка, а прогноз погоды.",4
25,"В чем одна из основных проблем человечества?В том, что одни идиоты прогнозируют будущее, а другие - считают эти прогнозы инструкцией к исполнению...",1
26,"Те кто опасаются, что как-бы чего не вышло, не опасайтесь - как раз то у вас нихера не выйдет...",1
27,"Самые психологически устойчивые и адекватные люди - это космонавты и астрономы. Они точно знают, что мир - это не то, что вращается вокруг них.",0
28,"- Мой муж каждый день приносит домой рыбу.- Он у вас - рыбак?- Нет, директор рыбного магазина.",1
29,"Программисты: мы гарантируем только то, что наша программа будет занимать место.Врачи: мы гарантируем только то, что наше лечение опустошит ваши карманы.",0
30,"В Помпеях нашли храм с голубыми стенами, а в Ватикане нашли храм с голубыми, правда они не особо и скрывались!",1
31,Вчера носил кошку в ветеринарную клинику делать МРТ.Цены не человеческие. Просто конские.,4
32,"Две подряд рекламы в моём телевизоре: 1) у неё появилась родинка - это признак рака, 2) у всех поколений этой семьи много родинок - передайте их по наследству.",1
33,"- Это что ?- Геморойские горы .- ЧТО ?- Поскольку на Гималайские они ну явно не тянут - местные называют их Геморойскими . Там ""малые Геморои"", а вона там ""великие Геморои"".",2
34,"Государства создавались, когда бандиты объединялись, чтобы грабить крестьян.Но при этом бандиты защищали крестьян от других бандитов.Кто-нибудь скажите это ментам!",4
35,"То, что продолжительность жизни у нас растет, радует всех россиян, кроме работников крематория.",0
36,"Что президента хорошо, то потом - ""тяжелые испытания, выпавшие на долю народа"".",4
37,"Работаем в цветочном. Одна компания заказала мега-партию белых хризантем для какого-то грандиозного праздника. Цена их не волновала!! Но, что-то там случилось в дороге, и партия опоздала на пару дней. Клиент платить отказался – мол, мероприятие уже прошло...Короче, всё как бы ушло на второй план, и больше нету никаких проблем, кроме этих хризантем, кроме белых опоздавших хризантем...©Полищук",1
38,"С учетом того, что новый президент может отменить указ старого президента, просьба  Хантеру Байдену помнить - Ростов не резиновый.",4
39,В Беларуси средняя зарплата по стране резко подпрыгнула вверх – теннисистка Арина Соболенко за 12 последних месяцев заработала 14 миллионов долларов.,0
40,Кто поздно встаёт — тот атеист!,4
41,"У девушек есть примета: если выйдешь замуж за хорошего мужика, то сразу с тобой все твои подруги перессорятся.",1
42,Можно ли супружеский долг отдать жене через её подругу?,2
43,"Всё-таки комедия - это единственный жанр, который надо присваивать фильму не перед съемками или прокатом, а исключительно по итогам просмотра.",2
44,"Убить одним выстрелом двух кроликов гораздо проще, чем двух зайцев, потому что они гораздо чаще спариваются.",3
45,"- Владимир Петрович, а почему у Абрама Яковлевича зарплата в три раза больше, чем у остальных менеджеров?- Он гениальный продажник, в прошлом месяце наших нелеквидов продал больше чем на пять миллионов.- Ну и что, так все работают.- Но он продал телефонным мошенникам с Украины.",4
46,"-Мэр подписал постановление о повышении стоимости погребения...-Так что живите и въёбывайте, пока на погребение по новой таксе не накопите...",1
47,Женский футбол весьма перспективный мировой вид спорта. Для аншлага на трибунах достаточно пригласить своих бывших.,0
48,В прошлом месяце я сел на шестнадцать суток за хулиганку. Просто хулиганка мне очень нравилась и я взял её вину на себя.,2
49,"-Ярославцев оштрафовали за плевки в общественных местах аж на 65 т. р. ( Этот закон в РФ принят только в нашем регионе).-Дело, мо быть, и нужное. Токмо вот... Хотелось бы узнать... На сколько оштрафовали администрацию области за то, что она плевать хотела на уборку улиц в областном центре?",2
50,"– У тебя, вообще, стоит?– Стоит.– Что-то давно не видела.– Пойдём к соседке. Покажу.",4
51,Однажды Солнце ходило без панамки и получило удар Чака Норриса,2
52,"Если вы хотите произвести впечатление на девушку, пригласите ее в ресторан. Если хотите произвести впечатление на ее родителей - оплатите счет.",1
53,"Сегодня мы поздравляем всех тех, кто в настоящее время строит отношения, с их профессиональным праздником - Днем строителя!",2
54,"""Вампиры боятся солнца даже больше, чем пламени.Даже слабейший солнечный свет кроет в себе опасность, и даже пропущенные через плотный занавес, лучи дневного светила губительны для вампира."" Но почему-то свет Луны для них не опасен,ведь свет Луны это отражение солнечного свет?",1
55,"- Внимание, господа, - черный ящик!- Мне кажется, ведущий на похоронах - это уже слишком.",4
56,"Четыре английских леди выросли вместе. Были подругами. Каждый четверг они играли в бридж. Ни у кого не сложилась личная жизнь, они потихоньку состарились в своих за́мках в одиночестве. Каждый четверг, ровно в восемь вечера, они собирались вместе, чтобы сыграть несколько робберов. Однажды, когда им было уже далеко за 80, одна из них не явилась на партию. В десять минут девятого товарки по-настоящему заволновались. Они послали к ней дворецкого, опасаясь худшего. Дворецкий вернулся спустя полчаса.- Леди в порядке, - сказал он.- Но почему она не пришла на роббер?- Она просила вам передать, что ей остопиздело.",4
57,"Мальчик: устроился в Камеди Клаб, пишет шутки, получает деньги.Мужчина: заходит на анекдот.ру, пишет анекдоты, набирает плюсики.",4
58,"Приходит трансформер в автомастерскую,а там двигатели,мосты, коробки передач - в общем детали трансформерских тел.Он как блеванет шурупами",1
59,Давайте праздновать день семьи 17 апреля.Именно в этот день Толстой дописал Анну Каренину.,1
60,"Истощают не отношения, а отношение к отношениям.",1
61,"Мы можем всё и всех, да всё недосуг.",0
62,"– Господин министр, вы доверяете вашему окружению?– Разве я могу им не доверять? Ведь они все – мои родственники.",4
63,"Когда мой старший брат ушел в армию, мне, по наследству, достался его велосипед. Но, сидя на сидении, я не доставал до педалей и поэтому приноровился кататься, залезая под верхнюю планку рамы. Это был тот самый случай, когда вЕлик был велИк.",3
64,"Зная все ваши персональные данные: ФИО, девичьи фамилии матерей, даты рождения, пин коды и т.д. и т.п. - главам банков стоит неимоверных моральных усилий не перечислить все эти ваши миллиарды на безопасный счет где нибудь в Гонг Конге.Цените это, люди!",1
65,"-Слыхал? Иракского дзюдоиста дисквалифицировали на ОИ из-за допинга!-Как он посмел, редиска ближневосточная! Допинг только для избранных ВАДА-атлетов!",1
66,Жизнь как и Смерть избежать не возможно!,0
67,"Вместо борьбы с мошенниками - ""предупреждения"" об их методах?Однако. Это раSPздяйство или мошенники давно главные в обществе?",1
68,Собачья жизнь - это когда можно только молча лаять и громогласно вилять хвостом.,1
69,"У интровертов часто встречается тихая и медленная речь из-за их биологических особенностей.Они в принципе не приветствуют громкие звуки, шум, голоса, даже телефонные звонки. Их мозг итак перевозбужден в отличие от мозга экстравертов.Интроверты не нуждаются в дополнительной стимуляции мозга.",1
70,"- Всё самое постыдное, самое позорное в своей жизни я совершил, когда был пьян! Но ведь и мои красивые, благородные поступки тоже случились под воздействием паров алкоголя!- Петрович, кончай философствовать. Всё самое плохое и самое хорошее в жизни ты сделал нетрезвым по одной простой причине: ты ведь трезвым, блять, вообще никогда не бываешь!",4
71,"Века стояла Русь за яичницу на завтрак, и только в прошлом году узнала, что семенное племенное яйцо качественно несут только заграничные петухи.",1
72,"После того как один из гостей «голой вечеринки» пришёл на мероприятие в одном носке от одного известного бренда, надетом на гениталии, резко рванули вверх продажи этого носка.",0
73,Сбил Бабу Ягу портянками.Винт запутал?Зачем винт запутал? Сбил.,0
74,"Рваные джинсы, это уже прогресс. Жду когда мятое неглаженное бельё станет писком моды.",1
75,"В Ханое в товарищеской игре по футболу сойдутся сборные России и Таиланда. Нет никаких сомнений, что победителям не помешает даже сильная жара. «Никто не умрёт – уже хорошо!» — заявил тренер команды КарпИн. Очевидно, что проблем с оформлением уверенной победы с сухим счётом не возникнет даже во влажном климате. Если, конечно, в игру не вмешается тайфун «Яга», который приблизился к Вьетнаму.",0
76,"– Простите, но у меня больше нет денег любить вас.",4
77,"– Доктор. Я чувствую себя удивительно бодрым! Хочу бежать,  бороться за идею!– Вот, вам рецептик. На получение пизд…лей. Будете принимать  их утром, днём и вечером.Желание бороться вскоре пройдёт.",1
78,"Завтра о сегодняшнем дне не все смогут пошутить. Вернее, пошутить смогут не только лишь все. Мало кто сможет это сделать.",0
79,"-Слыхал? Губер оценил уборку улиц и дворов как  ""имеется положительная тенденция...""-Типа, людищки попривыкди и могут кое как передвигаться?",1
80,- Чем отличается эротика от порнографии?- Уровнем физической подготовки.,4
81,"""Один в машине? Проезда нет! Во Франции идёт борьба с вождением автомобилей в одиночку"". Скоро в стандартную комплектацию французских авто войдёт парочка резиновых женщин в одежде...",1
82,"XVII век. Бунташный век для простонародья, включая стрельцов (Смута! Соляной бунт! Медный бунт! Стрелецкий бунт!). Пока Петр I не дал по харе, развесив стрельцов где удобно было.XVIII век. Бунташный век для российского дворянства. То на императрицу с претензиями наедут, то императора убьют, то другого императора, то наследника. Пока Николай I не показал развоевавшимся дворянам их место, удалив лишние головы и рассажав особо пылких по ссылкам.ХХ век. Революция. Расшалились все, страну и экономику развалили, пошли воевать друг с другом. Большевикам пришлось собирать с нуля все единицы, Сталин успокаивал самых борзых.Вот что такое истинно эффективные управленцы)",2
83,Опытный сантехник построил себе дачу и выкопал на ней два колодца. С холодной и с горячей водой.,2
84,– Брат. Как делить будем?– Сестра! Разделим все по-братски!,2
85,"Парень рассказывает:- Вчера поссорился со своей подругой и пошёл спать к себе домой. Там узнал, что соседи купили пианино… Иду мириться.",4
86,- Что обычно ищет в магазине настоящая русская женщина?- Подкову и огнетушитель.,2
87,"- Диван - он мужского рода. И ты, Василий - мужского рода. Если вы спите вместе, значит у вас отношения, значит недаром я тебя называю гомиком…- Петрович, задолбал ты уже, завтра отдам тебе твой перфоратор…",4
88,"Продается одноэтажный домик в Орске.Наливной пол. Водяной матрас. Бассейн. Близко к реке.Находится в Оренбурге, у моста ""Европа-Азия"".Торопитесь - через неделю предложение уплывает в Казахстан!",2
89,"- Интересно, а Иисус носил крестик?- Да, но только один раз.",2
90,"- Да Петька, плохая это была идея, приглашать выпускников спецшколы анекдоты писать ...",1
91,"Уровень жизни поднялся до критической отметки. Если не принять экстренных мер, скоро жизнь перельётся через край и затопит соседей.",4
92,"Отличить плохого человека от совестливого очень легко. Плохой человек бросает мусор рядом с переполненной урной. Хороший же человек кладет мусор на вершине кучки, зная, что сила тяжести все равно положит его рядом с мусором плохого человека, но мусор хорошего человека будет светиться аурой хорошего намерения.",1
93,"Я вещи постирала, когда вытащила - оказалось, что перед этим кот в машинку насрал.",1
94,"Михалков и Малышева решили выпустить совместную передачу - ""Глистогон"".",3
95,"– В гимназии не эбался, в университете не эбался, а на работе сразу заэбался.",1
96,"- Молодой человек. Что вы за мной всё ходите и проходу не даёте. У вас нет никаких шансов. Вы мне абсолютно не интересны.- Простите. Шеф сказал, чтобы я внимательно смотрел как работает опытный специалист. Как женщина вы мне совсем не интересны.- НАГЛЕЦ!!!",4
97,"Мы готовы носить своих женщин на руках. Это относится ко всем, кроме тех, кого неизвестно где носит.",0
98,"Прихожу на день рождения к младшему братишке. Смотрю он грустный какой-то. Спрашиваю:- Ты чего такой хмурый?- Родители на ДР подарили бесчеловечный подарок!- КАКОЙ подарок?- Набор Лего, а в нём человечков нет!",4
99,Спокойно жили люди с поговоркой  – Утро вечера мудренее.Потом нашлись мудрецы. И всунули свою поговорку – Вечер утра мудренее.И все перестали работать.,1
100,"- Турист, немедленно отойдите от края пропасти.- Я только пописать.- Тогда можно.",1
101,"В нашем кине сейчас столько звезд и все они настолько яркие, что в этом сиянии ни хера не заметно хороших актеров и актрис.",4
102,"Демократические ценности они как религия.Я не против, что они у вас есть - но пожалуйста, не надо ради них организовывать Крестовые походы и убивать всех несогласных!",4
103,Добрые люди должны уметь постоять за себя... а злые посидеть...,4
104,"В ЗАГСе:- Объявляю вас мужем и женой, чтобы вы жили долго и счастливо и умерли в один день!Новоиспечённый муж:- Ага, и все такие на похоронах: ""Вот это им повезло, как удачно получилось!""",4
105,"К нам привезут десять тысяч угнетенных кенийских негров.Ура! Теперь у нас будут свои афроамериканцы и мы смело сможем бороться за их права любыми демократическими способами!За свои права бороться уже как-то поднадоело, все равно бесполезно...",2
106,"- Чем отличается новый год для детей и для взрослых?- Детям заказывают деда мороза со снегурочкой. А взрослым уже отдельно: папам - только снегурочку, мамам - только деда мороза.",1
107,"Попугай Джона Сильвера, когда на кого-то злился, начинал громко кричать, что отдалённо было похоже на: “Пиастры! Пиастры!“",1
108,Положительным героем этого рассказа является трус.,0
109,"Мало кто знает, но щенки породистых сторожевых собак тоже под санкциями! Вот ведь суки, где я себе теперь друга куплю?",1
110,Таиландский гипнотизёр заставил человека побыть в трансе.,3
111,"-Слыхал? Справедливость есть! МТС, таки, заплатят штраф за необоснованное повышение тарифов!-Справедливость? Штраф то они заплатят государству. А платило то по завышенным тарифам население...",3
112,"Дуэт Ленинграда и Инстасамки будет исполнять песни о том, как можно нахуяриться на чужие деньги.",1
113,"Я сама техаска, дочь морпеха, тут не все так однозначно. Я живу тут 50 лет, никто не голосует за Трампа, просто поверьте.",1
114,В душЕ Владимира Ильича Ленина совесть аж зашкаливала!Из школьного сочинения,0
115,Жена мужу:- Будешь мне изменять - убью.- Будешь мне угрожать - заявлю.,1
116,"Два непрочитанных сообщения:От HR: Пожалуйста, заполните нашу анонимную анкету!От шефа: Помни об анкете! В HR говорят, что из всей нашей команды только ты не заполнил!",4
117,"Поступить в пединститут - пожалуй, лучший способ показать родителям, что ты никогда от них не съедешь.",2
118,Сделал большой словарный запас на зиму. Надеюсь без проблем дотяну с ним до весны. Весной появятся новые слова и останется только собрать их в свой адрес.,1
119,"Поскольку никто не проводил слепых рандомизированных исследований с контрольной и экспериментальной группами и плацебо по применению парашютов, то мы не можем с уверенностью сказать что парашюты работают.",1
120,В небе прогрохотал истребитель-невидимка.,2
121,"– В наших курочках столько антибиотиков, что вам и лечиться не надо будет.",2
122,Теперь я знаю как называется майка алкоголичка у женщин.Это пляжное платье!!!,1
123,— Что буддисты едят на завтрак?— Буддаброт.,1
124,"- Вась, опять квартиру сверху какие-то психи сняли - всю ночь музыку слушают и отплясывают, поди разберись!- Не пойду, Мань, я устал. Тоже спи давай и не обращай внимания.- Ну Вась, ёклмн, ну мужик ты или кто?Тут окно сверху открывается и девичий голос на всю улицу кричит: ""Как же хочется сосать *уй!""- Нет, Мань, ну это уже слишком! Я пошёл разберусь!- Что? Куда, Вась? Никуда ты не пойдёшь! Ложись и спи давай!",4
125,Пожалуй самые традиционные семейные ценности - это деньги,2
126,Этапы суверхуверенности  в себя:1.Торт.2.Император.3.Ватерлоо.,1
127,"- Тебе надо отвлечься, найди себе хобби.- У меня есть хобби.- Есть - это не хобби.",4
128,"После заявления Макрона, что ""дело Дурова не политическое"", Дуров точно понял кого он первого забанит в Телеграм",2
129,"Из разговора пенсионеров:- Какая у вас пенсия?- Слезы.- Понятно, а как жизнь?- Смех.",2
130,"Хватит уже воспринимать соцсети всерьёз - большинство лайков вам ставят те, кто сидит на унитазе...",4
131,"Почему умные никогда не спрашивают о разнице между дураками и умными?Потому что дураки уже всё знают!!""Школа искусственного юмора БотGPT-4""",1
132,"В Америке сейчас три главные интриги: доживет ли Байден до конца своего правления, доживет ли Трамп до начала своего правления, доживет ли США до конца правления одного и другого.",4
133,"Лет 25 назад, теледикторша то ли 1-го канала, то ли НТВ в новостях вместо Климовск сказала, я сам слышал, ""подмосковный климакс"". Сбылось.",2
134,"- Ты почему получил единицу по математике? - рычит отец.- Наверное, у учителя не было крупных, - отвечает сын.",2
135,"- А помните истории, где на какого-то ребёнка вылилось кипящее масло.- Бесплатно. Да, умели люди раньше красиво жить.",1
136,Люблю вести ночной образ жизни. Особенно поспать.,2
137,Вся финансовая система мира держится на Экселе!,2
138,"Пароль, придуманный Петровичем, содержал формулу высшей математики.Лошхи-хакеры плакали, давились, но средний интеллект айтизадрота был много ниже.",1
139,"Современные исследования советских вирусологов показывают, что ЛГБТ заражение может происходить воздушно-капельным, фекально-оральным, контактно-бытовым и трансмиссивным путём. Поэтому настоятельно рекомендуется избегать территории скопления предствителей ЛГБТ сообщества.",1
140,"""Смотаемся на пару недель в космос и айда обратно домой"", - весело сказал один американский астронавт другому.",4
141,"- В общем, переезжай ко мне, мой квартиру, готовь еду, не забывай зарабатывать на себя, на меня и терпеть все мои закидоны.- Ну и зачем мне всё это нужно?- Ладно, пойдём длинным путем. Любимая, я подарю тебе луну и звёзды...",4
142,"Разговор двух проституток в борделе:- Анжела, а что у тебя было сегодня на завтрак?- Да я уж и не помню: то ли хлеб с маслом, то ли xyй с яйцами.",1
143,"Разговаривают два грузина.- Слюшай, Гиви, я подругу потэрял.- А что, поссорились?- Нэт. Пожэнились.",4
144,"Микробы в Сене в Париже вышли с лозунгом, что говно должно плавать в чистой в воде, а не в нашей, проверенной годами, микрофлоре.",1
145,"-Слыхал? Организаторы олимпиады опасаются. Их грозят убить!-Не , как оскорбить чувства около миллиарда верующих, так можно...-Ну... Даже если так. Они же только оскорбили! А их угрожают УБИТЬ!!!-Ну так ить... Только угрожают...",1
146,Развитие нашей экономики должно проводится с ускорением. С ускорением свободного падения.,1
147,"- Здравствуйте, мы хотим приехать на ваш фестиваль, вы принимаете детей от 2 до 7 лет?- Нет, только оплату картой или наличными.",4
148,"– Сплошное разорение у стриптизёрш: сначала деньги в трусики собирают, а потом забывают трусики, неизвестно где.",1
149,"Пациентка:- Вы знаете, у меня чешется и болит жопа.Арт-терапевт:- Давайте рисовать вашу жопу.Провокативный терапевт:- Будешь ныть, еще получишь!Психоаналитик:- Ничего страшного, это распространенное явление. Мы со временем разберемся, откуда у вас появились эти ощущения. Расскажите, в каком возрасте у вас впервые появились мысли о жопе?Гештальт-терапевт:- Расскажите подробно, что вы чувствуете прямо сейчас, когда говорите это? Не сдерживайте своих эмоций.Экзистенциальный психотерапевт:- Вы испытываете страх смерти из-за этого?Экзистенциально-гуманистический психотерапевт:- Что вы чувствуете, проживая эти ощущения в моменте?Йоготерапевт:- Это не проработанная корневая чакра! Сядь в позу лотоса. Закрой глаза. Глубокий вдох, медленный выдох. Сфокусируй внимание на своей жопе. Направь свое дыхание в нее. Дыши жопой.Гипнотизер:- Спааать! У вас больше не чешется жопа!Психотерапевт по методу расстановок:- Вот этот человек - ваша жопа. А вот этот - жопа вашего прадедушки. Обнимите их и поплачьте вместе.Тренер личностного роста:- Выйди из зоны комфорта! Оденься как трансвестит, подойди к трем прохожим и попроси их почесать тебе жопу!Коуч:- А как бы тебе хотелось, чтобы себя чувствовала твоя жопа в будущем? Какой результат тебе скажет, что этого удалось добиться? Как ты поймешь это?Женский коуч:- Ты Богиня! Сиди на жопе и повторяй за мной: ""Я Богиня! Я Богиня!"" Это твой мужчина виноват, что у тебя чешется и болит жопа. Ты достойна лучшего!Психиатр:- Сестринская? Ивановой антипсихотики внутримышечно не колоть, будем прокапывать. И это, подмойте ее там. Вот же случай, анекдот из жизни - с проктологией по психологам ходила... Как будем выписывать - дам направление к колопроктологу.",2
150,"- Когда я слышу, как из какого-нить авто звучит негрский рэп, мне всегда хочется спросить этого, блин, эстета...- Даже знаю что: ""Ты на хрен это врубил на всю ивановскую?""- Неа... ""У тебя чё в школе по-английскому было, дятел?""",1
151,"Смотреть по ТВ спортивные чемпионаты и турниры, откуда нас выгнали - все равно что подсматривать за чужим корпоративом с улицы через окно. Или расчёсывать свое либидо, подсматривая за бабами через щель в женской бане...",2
152,Виталий. Мне 59. Набираю учениц от 20 до 45 летна бесплатные курсы пиления.Количество мест ограничено.Может кому-то надо...,0
153,"Ты ведь знаешь, что ничего не изменится, но почему-то всё равно продолжаешь ждать.",1
154,"- Мой внук, наверное, инженером будет.- С чего это ты так решила?- Он всегда сигаретку сперва разберёт аккуратненько, потом обратно соберёт, закурит и ка-ак задумается...",3
155,Казнить немедленно! Но медленно!,1
156,"Нельзя так к еде относиться. Лису еще не доели, а они уже волка из морозилки вытащили, размораживают…",0
157,"У каждого из нас есть своя сказка о себе, которую мы с упоением рассказываем вновь и вновь",0
158,"Идёт мужик, видит - перед ним табун коней.Кони: - Пересчитай нас, мужик.Мужик: - Вас каждого по одному.",1
159,"Если из вас не смогли сделать дуру, готовьтесь к тому, что вас назовут сукой..",4
160,"Воскресенье. Семья выходит из храма.Мама: - Что-то скучно сегодня было!Папа: - И хор плохо пел!Сын: - А вы что хотели за те 10 рублей, которые в кружку кинули?",4
161,"- Дорогой, твоя секретарша молодая и красивая?- Да, ну и что?- Сука.- Почему, ты ведь ее даже не знаешь?- А ты — кобель.",1
162,"После визита на Кубу российской подводной лодки ""Казань"", в США стала суперпопулярной песня певца ""Профессора Лебединского"" :""Я убью тебя, лодочник"" !",0
163,"Жена - мужу (приготовившись есть окорока):- Скажи мне, что я жирная корова!- Ты жирная корова!- Идиот!!! (Убегает в слезах.)",1
164,Поцелуй эмблемы клуба только что подписанным легионером имеет много общего с поцелуем клиента оплаченной проституткой. Оба это делают за дополнительное вознаграждение...,1
165,"Того кто написал :""Так, ребята, сейчас будут подходы на трицепс с пельменями в еврофуру на третьих воротах""Необходимо немедленно отправить загружать фуры.Что бы он наконец таки узнал, что при закрузке фуры работают бицепсы, и поясничные мышцы. Ну и еще квадрицепсы бёдер и предплечья.Ну вот НИКАК не трицепсы !!!",2
166,"Удивление тому, что полицейские выполнили свои обязанности - это лучшая оценка населением доверия к работе полиции.",2
167,"привет, это я Паша Дуров, я пишу со своего секретного аккаунта, пришли 5 млрд € хомяками на залог, отдам через неделю",2
168,"Всё идёт к тому, что на олимпиаде в Париже победители будут платить побеждённым за моральный ущерб.",4
169,"Алкоголь полезен сразу в двух отношениях: он делает некрасивую женщину более привлекательной, если пьет мужчина, а привлекательную женщину - более доступной, если пьет она сама.",4
170,Умер от острой сердечной недостаточности ... т.е. сердечности не хватило ...Мораль - нужно быть сердечнее к людЯм ...,1
171,"-Теперь судебные приставы имеют право отстреливать должников!-Нууу... Правомочность применения оружия приставом будет устанавливать суд...-Уверен, что есть хоть один судья, у которого в родне нет должников?",1
172,Пышные полногрудые актрисы зачастую сводят зрителей с ума. Но не как актрисы...,1
173,"Дальновидный губернатор, приходя к власти, первым делом строит хорошую тюрьму!",2
174,"Батюшка уже почти исполнил просьбу Настеньки и вёз ей аленький цветок. Однако, Госнаркоконтроль пресёк попытку провоза опиумного мака  и оштрафовал его на пять МРОТ.",2
175,"-Тут рекламу видал. На первом же уроке-ты заговоришь на английском. Врут, поди...-Ну, почему. Вот ты ""факнуть"" кого, можешь? А имя своё на аглицком сказать?-Ну.-Вишь? Ваааще без уроков. Просто в рекламе не говорят, что заговорить и разговаривать...не много разные вещи",1
176,"Огромный плюс бисексуальной жены - с ней можно совершенно спокойно обсудить какую-нибудь сексапильную дамочку, находясь при этом, так сказать, с одной стороны баррикад.",1
177,Людям с вечной улыбкой на лице  хочется больно наступить на ногу.,1
178,"Почему пиво? Есть КПРФ - партия любителей прошлого, ""Единая Россия"" - партия любителей власти, ЛДПР - партия любителей Жириновского... Пиво намного надёжнее! Оно не подведёт, потому что вечно.© Константин Калачев, Генеральный секретарь Партии любителей пива",2
179,"По результатам опроса, в котором предлагалось заполнить пропуск в слове «Х.Й», выяснилось, что самые культурные люди ­— это панки.",4
180,Жена говорит Мужу:Дорогой я хочу убрать два плохих слова из нашей семьи бл*ть и нах** Муж: так какие слова ты хотела убрать?,2
181,"- Слушай, ты знаешь такого актера - Ткачук?- А, это которого на перевозке наркоты прихватили?- А актрису Бочкареву?- Та, что кокаин в труселях возит?- А Николаева знаешь?- Что в гаишника въехал?- Прилучный?- Жену пьяный отлупил.- Башаров?- Вообще всех жен молотил.- Про Ефремова боюсь спрашивать. Епифанцев?- Кликуха ""Грибоедов"". Большой любитель мухоморов.- А ты, я погляжу, шаришь в отечественном кинематографе...",3
182,"Как же бесит, что единственный способ что-то сделать - это взять и сделать это.",4
183,"Достиг того возраста, когда вместо хуя может встать сердце.",4
184,"Скажите, как записать человека в преемники главы Хизбаллы? У меня есть несколько подходящих кандидатур.",4
185,"Вечер, обычная семья. Мама раскладывает пюре по тарелкам. Спрашивает:- Дочуля, тебе сколько ложек накласть?Дочь с неподдельно изумлённым видом:- Говна, что-ли?",1
186,"""коровы выделяют парниковые газы, вызывая глобальное потепление."" Я думаю, что динозавры вымерли не из-за падением астероида, а из-за глобального потепления. Напердели на свою погибель.",1
187,"Подрыв пейджеров - это не только теракт, но и цифровая контрреволюция...",1
188,Мать всех японцев - Япона мать!,0
189,"Бывший военный моряк, а ныне успешный предприниматель, с гордостью называет себя ""Старшина 159-й статьи"".",3
190,В США педофил изнасиловал и убил ребёнка. За это суд приговорил его к пожизненному заключению. Осуждённый подал апелляционную жалобу с просьбой сократить ему срок отсидки. Суд пересмотрел его дело и сократил ему срок отсидки до 1 минуты! На электрическом стуле...,2
191,Девочка: фотографируется в нижем белье для соцсетей и сайтов знакомств.Женщина: фотографируется в нижнем белье для маркетплейсов.,1
192,"Пиздюльгенция - состояние, при котором тебя несправедливо обвинили в том, чего ты не совершал, и теперь ты ощущаешь полное моральное право это сделать.",4
193,"Москвичи: Нет, он на юге, я на севере, мы друг от друга очень далеко.Сибиряки: Ты из Сибири?!? И я из Сибири! Ну какие тысяча километров? Всё равно соседи! Родные, сибирские!",4
194,Хватит. Надоело. Достаточно. Больше не буду перед сном читать словарь синонимов.,2
195,"Идёт мужик по деревне, вдруг видит - его кум развалил свой сортир, стоит в этой яме по пояс в фекалиях и шарит руками,  видно, что-то ищет.- Здравствуй кум! Что это ты по пояс в дерьме делаешь?- Да вот, кум, пошёл я в сортир, только присел, а у меня вставная челюсть и выпала. Прямо в дырку! А вещь дорогая, жалко. Вот ищу теперь...- А почему у тебя, кум, лицо всё дерьмом вымазано?- Да ты знаешь - я уже три челюсти вставные нашёл. Меряю - все не мои!",3
196,"А откуда столько скепсиса? Если верить рапортам чиновников, во многих отраслях импортозамещение уже состоялось. Причем несколько раз...",1
197,"После 20 лет брака общение супругов происходит примерно так:- Завтра у нас четверг?- Четверг.- Что?- Четверг, говорю!- Что ты на меня все время орешь?",4
198,"В Белом доме на фоне спекуляций о ""смерти"" Байдена заявили, что президент США в виртуальном формате проводил в понедельник встречи с чиновниками по нацбезопасности.Также в Белом доме отметили, что связь с того света работает с перебоями.",1
199,"Столько лет прожил, но так и не оказался в ситуации, когда все пошли прыгать с крыши и меня зовут.",4
200,"Готовятся изменения в Правила дорожного движения. Самокатчиков, раньше считавшихся пешеходами, переведут в статус водителей, а самокат будут считать транспортным средством. Причём, если самокат разгоняется до скорости 25 километров в час - он будет считаться велосипедным средством, а если выше 25-ти - автомобильным.",1
201,"В первую очередь, ты для нее должен стать хорошим фотографом, а уж потом - поддержкой и опорой.",4
202,"Сервис аренды электросамокатов начисляет пользователям кэшбэк, но не рублями и не бонусами, а таблетками - блокаторами полового созревания.",1
203,Ничто так не умеет  сохранить  себя как жир!,1
204,"Жена мне друг, но истина в вине...",2
205,"После драки кулаками не машут. Кто за ножом бежит, а кто и за обрезом.",3
206,Трамп - Байдену:-От твоей галиматьи ухо вянет.,1
207,Уже который год в России рассматривают инициативу сделать 31 декабря выходным днём...,1
208,–  Дай денег в долг.– А зачем тебе?– Женюсь!– На женитьбу не одолжу. Не окупится.,1
209,"Краткое содержание детской сказки.Мужик пробирался по дикому лесу, нашел прозрачный гроб с трупом и поцеловал покойницу. А потом с ней жил.",2
210,"Мошенники подделали голос жены по домофону. Не открыл. Пусть знают, что меня трудно обмануть!",2
211,"стюардесса в бегает в кабину пилотов:- командир, у нас ЧП!командир, потягивая виски:- что такое, Зоя?- там в салоне... террорист с бомбой! он спекулирует парашютами!- да? а где он взял?- ну он пронес как-то в багаже! 20 штук! и теперь продает их, как на аукционе...стартовая цена была по 1.000 баксов... сейчас уже по 10.000 идут- так! беги к нему и скажи что мы в деле!- в смысле?- ну нам пять парашютов... тебе, мне и команде... а мы ща цену подымем- есть, командир!убегаеткомандир второму пилоту:- ну-ка, тряхни стариной, заложи вираж покруче.. что б дух захватило- есть командир!вбегает стрюардесса:- командир, катастрофа!- да что такое, зайчик?- парашюты закончились! последние уходили по 35.000 за штуку!нам-то я купила... но что дальше делать? люди готовы платить по 50 тыс уже!- да все нормально, малыш)-??- мы пролетаем над тель-авивом... я уже поговорил с пацанами... через мин 15нам на истребителе подвезут еще 50 парашютов... ставьте цену по 100.000 тыс!и скажи абдулле, что 30% наши...- поняла, бегу...- подожди...- да, слушаю?- и это... кстати... наши пять штук тоже можешь продавать... да не тяни... у нас посадка через час",1
212,Настоящий мужик должен убить в себе бабу и жабу.,1
213,"Два еврея, один из Львова, а второй из Одессы поспорили, где самые богатые евреи живут. Тот, который из Львова, говорит:- Шо вы себе думаете? У нас во Львове, конечно же, богаче! У нас, когда еврей по улице идёт, и если вдруг совсем чуток похолодало, то он тут же заходит в меховой магазин и покупает себе шубу! А когда ему вдруг снова стало жарко, он сбрасывает эту шубу прямо на плитку и забывает про неё навсегда!- Ой вей, я вас умоляю, и это, по-вашему, еврей? Да это форменный жлоб, а не еврей! Вот у нас в Одессе, если еврею вдруг стало жарко, то он снимает с одного из своих пальцев на руке кольцо с бриллиантом чистой воды, воду выпивает, а бриллиант выкидывает на плитку. Потом снимает кольцо с бриллиантом со второго пальца... И так до тех пор, пока не напьётся!",2
214,"Вот интересно, если слова ""на  ошибках учатся"" справедливы, то почему Вовочка так и не стал лучшим учеником в классе?",0
215,"Новый революционный продукт - ""Ничего""! Не содержит ГМО, глютена, лактозы и калорий. Подходит для веганов и сторонников здорового образа жизни. Упаковка 100% биоразлагаемая. Побочные эффекты: экзистенциальный кризис и потеря смысла жизни. Спрашивайте в магазинах вашего города!",2
216,"Хочется, все-таки, внести ясность. Равенство - это не значит, что мы одинаковые. Это значит, что мы, такие неодинаковые, - равны.",2
217,– Во всём виноваты евреи и велосипедисты!– Вот только не надо обобщать. Во всём виноваты евреи-велосипедисты.,1
218,"Кавалер уделяет внимание даме, она его игнорит.- А что вы умеете делать? - не унимается парень.- Я умею токсично молчать.- Тактично?- Нет",2
219,- Мы все исправим... дайте только срок...- Обязательно дадим...,4
220,"Родители беседуют о детях:- Ты своему ребенку какие на ночь сказки читаешь?- Добрые, чтобы он побыстрее уснул. А ты?- Страшные, чтобы он больше не просил почитать.",3
221,"– Тому, кто правильно умеет подобрать носки к своей одежде – квантовая физика по колено!",1
222,"Выделили Вовочке 250 единиц денег на проект.Половину из них он спиздил, из оставшейся половины - половину пробухал с друзьями, на оставшуюся четверть - реализовал проект.Когда показал результаты заказчику - тот только и смог пробормотать:- Вовочка, лучше бы ты пробухал и спиздил всё!",2
223,"– Доктор, вы можете его вылечить?– К сожалению, нет. Он сам выздоровел.",4
224,"Один ум - хорошо, а два - шизофрения.",3
225,"- Михалыч, да где ты деньги берешь на выпивку? Ты ж безработный уже сколько, а каждый день пьёшь вусмерть!! Ты б уже миллионером был...- Эх, мужики, да я сам мучаюсь: узнать хочу.. Просто наутро ничё не помню...",4
226,"–  Вы каждую женщину хотите видеть голой. Например, скажу - волейболистка.– Голая.– Водительница трамвая?– Голая.– Придётся направить вас к психиатру.– К голой.",4
227,"- Ты за что меня тянучкой обозвал?- Извини, моя тяночка, это опечатка!",0
228,"Родители, которые не вразумляют своих детей,похожи на полицию, которая не ловит преступников.",1
229,"Медведь - единственный зверь, который специально оставляет в лесу следы, чтобы охотники могли его найти. Тем и живёт.",4
230,"А почему когда Ева ходила голая Господь не оскорблялся, а сейчас покажи жопу у храма и сразу суд?",3
231,"Знаете, в чём схожесть конфет и ружья?Если принести их в школу,  все прикинутся твоими друзьями.",4
232,"- Политика - это грязная работа.- Хорошо еще, что за нас ее делают другие.",2
233,"Жена: - И всё-таки мы, женщины, в этом мире гораздо большее значение имеем.Муж: - Это ещё почему?Жена: - А потому что нечто несущественное, мизерное, люди называют словом ""%уйня"". А нечто глобальное, апокалиптическое - это ""пи*дец""!Муж: - Да, но при этом ""пи*дец"" - мужского рода, а ""%уйня"" - женского!",4
234,"""Как можно знать историю и продолжать верить политикам?""Томас Соуэлл",4
235,"Сегодня я помог одной бедной старой женщине, которая упала у подъезда и ушиблась. Ну, что она бедная, я понял позже, когда обнаружил только 100 рублей в её кошельке...",2
236,"На Ливанском направлении так же, как и на Лиманском.",0
237,"Маркетологи чаще всего зарабатывают, рассказывая, как надо зарабатывать.Парадокс, бля.",1
238,Жизнь напоминает посещение уролога ...,0
239,"Сегодня ходил по заснеженному городу. Везде нечищено и скользко. А возле Винлаба и Красного&Белого - почищено и не скользко. Водка - она для тех, кто любит крепко стоять на ногах!",4
240,"Два самых переоцененных шедевра в истории мировой живописи - ""Джоконда"" и ""Черный квадрат"". Но автор второго добился этого, вообще не заморачиваясь с каким-то там рисованием...",4
241,""" камплект свичей для Тэслы. Дорага - новие, элэктроные. Спрасы Ашота """,1
242,"У Брюса Уиллиса деменция и вскоре он забудет все последние фильмы, в которых он снялся.В отличии от несчастных зрителей, которые будут их смотреть.",1
243,"Северокорейская ракета ""Нах усё"".",2
244,До вмешательства России в американские выборы остался 1 день...,1
245,"Разговаривают две собаки:- Встретила вчера Шарика.- Ну и как?- Полаялись, как всегда.",1
246,Самым известным капиталистом и буржуем был Карл Маркс.,1
247,Могильщики после смерти попадают на свою работу.,1
248,"Узнал, что Ватикан тоже может участвовать в Евровидении, но не хочет. А зря! Команда из инквизиторов могла бы там устроить зажигательное шоу.",4
249,"- Вовочка, ты слышал поговорку - "" Яйца курицу не учат "", а почему?- Не ну вы, что совсем ненормальная Марь Иванна , как яйца кого-то учить будут, если у них рта нет ...",1
250,Для того чтобы похудеть надо больше двигаться. На почве различных диет двинулись уже очень многие.,3
251,"Пока Москвич меняет партнера, ВАЗ поменяет позу у всего нашего правительства!",0
252,"Учёные установили, что у динозавров и курицы - одинаковый мозг.Блондинка: Так вы завалили динозавров!Нужно было не задавать им такие же вопросы по ЕГЭ!.(с) Юрий Тубольцев",1
253,красное на чёрном - индеец на негритянке.,1
254,Юнный Сок Ели оказался не таким уж и добрым.,0
255,- Какие самые нелепые и странные теории заговора тебе приходилось слышать?- Всё будет хорошо!,4
256,"О Великом, могучем и многогранном...Возьмём, к примеру два глагола:выебать и наебать.Очень близкие по по звучанию и весьма далёкие по содержанию, смыслу.Вопрос га засыпку изучающим язык прекрасным дамам:Какой вариант для вас предпочтительнее?!",0
257,"Ответ Леониду Хлыновскому на его вчерашний анекдот. Согласно Маяковскому, первым трансформером был не Иван Фёдорович Крузенштерн, а товарищ Нетте - человек и пароход. Читайте первоисточники.",1
258,"И вообще! Что страшнее - авторитетные уважаемые ОПГ или хищные неподконтрольные квадроберы,!",1
259,"Квадроберы - это подготовительные курсы для ЛГБТ. Достаточно чтоб человек встал на 4 кости, остальное - дело техники",1
260,"Заходит удав (у)  в баню, а там уже сидят медведь (м), карась (к) и Анубис (а).У: щщщщщщМ: ыыыыыррррррК: 0.... 0.... 0А: لذلك تحدثنا",0
261,"– Она ворвалась в здание, где я работаю, и орала: «Мерзавец! Не прячься! Я тебя все равно достану! Руки и ноги переломаю!».– Кошмар!– Кошмар в другом. Орала мне, а  сразу попрятались все мужики.",4
262,".тен или ыВ бара ,от ан тсет йыртсыб лыб отЭ",1
263,"Власти Японии всегда на стороне США не потому, что не помнят, кто сбросил атомную бомбу на Хиросиму, а потому, что помнят.",4
264,"-Вот интересно, авторы рекламы со слоганом: ""Каждый МАСТЕР ЖЕЛАЕТ ЗНАТЬ, КАКУЮ затирку брать..."" В серьёз считают МАСТЕРОМ, человека, который о том, какую затирку использовать узнаёт...из ТЕЛЕВИЗОРА?",1
265,- Какой первый признак приобщения к западным ценностям?- Острая боль чуть пониже спины!,1
266,"Любая оса знает – узенькая талия вообще не повод, чтобы тебя все любили.",4
267,"В последнее время куда ни зайдешь - цены как в аэропорту. Похоже, мы все куда-то летим. Похоже, в пизду.",4
268,Главный возбудитель  в пожилом  возрасте-  будильник!,1
269,"Частое пребывание вне дома помогает при депрессии, но может провоцировать невроз.Постоянное пребывание дома помогает при неврозе, но может провоцировать депрессию.Так что, получается, идеальный вариант для психического здоровья - стоять в дверях.",4
270,"Это только при тоталитарной тирании президента выбирают путем всенародного голосования.При настоящей демократии президентом становится тот, кто остался в живых.",4
271,"Чем чаше муж возвращается домой пьяный и под утро, что, несомненно, плохо, тем больше у жены против него козырных тузов. С другой стороны, так можно остаться с козырями, но без напарника.",1
272,"То неоднозначное чувство, когда поблагодарил продавца в подпольной лавке за суррогатный алкоголь и в ответ слышишь: ""На здоровье!""",1
273,"Заходит женщина в пекарню и восторженно говорит:- Какой у вас вкусный хлеб! С удовольствием едим всей семьёй - даже кошке нравится!- Ещё бы ей не нравилось, у нас там мыши на складе с мукой завелись.",4
274,"Ревматические люди предсказывают погоду по тому, как у них ломит кости. Синоптики тоже предсказывают погоду по костям, только у них это игральные кости.",3
275,"- Гиви, помнишь свою первую любовь?- Лицо не помню. А так - да.",4
276,"Ты можешь быть бесконечно прав, ну, какой в этом толк, если ваши знаки зодиака показывают астрологическую несовместимость.",1
277,"О том, кто важнее: технари или гуманитарии?1. Без инженеров ты - обезьяна с палкой.2. Но обезьяны с палками забьют тебя намного быстрее, чем ты успеешь стать инженером, если не найдётся гуманитариев, которые сумеют объяснить обезьянам, зачем нужны инженеры и почему ""прям щас сожрать банан"" менее выгодно.",3
278,"На Трампа снова совершено покушение. На месте, где прятался подозреваемый, был обнаружен автомат Калашникова с оптическим прицелом. Это доказывает вину России.",1
279,"- Не ударим в грязь лицом, - сказали злые молодцы ...и ведь не соврали подлецы - во-первых, лица у них нет, а рыло ... во-вторых, это в общем-то и не грязь была ...",1
280,Все эти детские костюмчики в виде животных — это подсознательное желание родителей поменять ребёнка на собаку.,4
281,"Показал индусу цветное издание Камасутры. Он сказал, что лучшего справочника по йоге еще не видел.",1
282,"А вас тоже удивляет, что страну, где слово ""палач"" (человек, исполняющий решение суда) является ругательством, а слово ""киллер"" (сиречь наёмный убийца) овеяно ореолом романтики, можно назвать правовым государством?",1
283,Эффективный менеджер может поднять прибыльность предприятия в два раза. Это особенно впечатляет на фоне трёхкратного падения производства.,1
284,"Если вы умные,то пожалуйста, опишите звук взрыва для тупых депутатов.",1
285,"...""Более дебильного дерьма я, пожалуй, не видал"", - подумал кинозвезда, закончив читать сценарий. ""Ну, вы знаете, сколько стоит мой день"", - сказал он режиссеру. ""Да, конечно, без вопросов"", - закивал тот. ""Превосходный материал. Вдохновляющий. Будем работать"", - подытожил звездун.",3
286,"– Ты лежишь на мне.– Гравитация.– Милый, у тебя же больше был.– Инфляция.– Почему ты отвечаешь мне по одному слову?– Деградация.",4
287,"С мыслью, в отличие от женщины, нельзя переспать, пока не залетела.",1
288,"Как говорил Дюма-отец: ""История — это стена, на которую я вешаю свои полотна"".",1
289,"Анекдот был на столько стар, что у него была не только борода, но и усы",1
290,"Раньше комсомольцы были активистами и энтузиастами.Сейчас их нет, а энтузиазм остался.",0
291,"Министру просвещения предложили снижать итоговый балл ЕГЭ курящим школьникам на 10-20 единиц.В зависимости от того, что курил: сигареты или вейпы. И глубоко ли затягивался...",1
292,Интересный факт. Фанатам Гарри Поттера жены ни когда не дарят носки.,1
293,"Америка настолько технологически развитая страна, что у них есть даже электрические стулья!",3
294,"Однажды ты спросишь: ""Олег, тебе 45, чего ты добился в жизни, кроме голых щиколоток и холёной бороды?"" А я посмотрю с высоты своего просветления на твоё мещанство, соберу всё своё в рюкзачок, гордо встану на самокат и укачу в рассвет в клубах ментолового дыма...",4
295,"Если Лариса Долина выйдет замуж за мистера Пропера из рекламы и возьмёт себе двойную фамилию, её будут звать Лариса Пропер-Долина.",4
296,Нелегальный разводчик сверчков на продажу при появлении на горизонте полицейских всегда даёт стрекача.,0
297,"«Мы поедем, мы помчимсяНа оленях утром ранним…»Это песня о том, что следует ездить на дураках, а не позволять им ездить на вас…",3
298,"От подруги приходит письмо с фотографиями. Тема письма ""животные"". Фотографии большие и грузятся медленно. Только когда процесс завершается, становится понятно, что там фотографии с корпоратива.",1
299,"Чёрные дыры существуют, а квадрат Малевича всего лишь нарисован.",1
300,"Пришла, значит, феминистка устраиваться на судно китобоем. Прошла собеседование, и ей говорят:- Поздравляем, вы приняты, теперь вы китобой.- Слышь, хyемpазь, пасть захлопни, вообще-то китогёрл!В первый же рабочий день её перепутали с китом.",2
301,"Молодой Изя спрашивает у опытного Сёмы:- Фима просит у меня денег взаймы, дать или нет?- Конечно, дай!- Почему?- Иначе он у меня просить будет.",4
302,"- Доктор, во сне я разговариваю со своей женой.- О-о, среди женатых мужчин - это  довольно распространенное явление.- Но я – не женат, доктор.",3
303,"А Вас, Кэт, я попрошу отдаться!",3
304,Во многих городах есть курсы иностранных языков «Inter Course»…(Intercourse - это с английского «половой акт»).,1
305,"Если бы китайские коррупционеры пожизненно сидели бы в Сибири, то народонеселение там бы быстро приросло.",1
306,"А вот если быдлу прямо говоришь, что он быдло, ты сам поступаешь, как быдло или как небыдло?",0
307,Умная голова не всякому по плечу.,4
308,"Когда я знакомлюсь с парнем, то перво-наперво смотрю на его интеллект. Если он есть, то шансов у меня мало.",4
309,"ОБЪЯВЛЕНИЕ ОТ МВДУважаемые сограждане! В парке им. Ф.Э. Дзержинского завелся пес-маньяк, который в темное время суток откусывает у мужчин гениталии, а женщин вообще не трогает. Рекомендуем мужчинам, входящим в этот парк в это время, снимать штаны и трусы, чтобы уменьшить болевые ощущения.",1
310,"- Что делать, если муж здоровый, как бык?- Надо брать быка за рога.- Изменять очень опасно.",0
311,На корпоративке Петрович всегда грустно сидел один и вспоминал Бывшую. Потому что закодирован… Потому что бывшая - водочка…,2
312,Command.com existed—Чего?-сказал последние слова дисковод и получил отвал.,0
313,"Не поняли ультиматума МОК по России лишь две спортивные федерации: тенниса - там аристократы им всё пох, и бокса - там качки вообще нихрена не врубились...",4
314,"Как определить по снимкам туриста, в какой части Африки он находился? Если там много калашей, но совсем нет раздетых девушек даже на пляже, то это арабская ее часть. Если же там много калашей и много раздетых девушек, но фотограф успел сделать мало снимков, то это остальная Африка.",2
315,С плавильным котлом ведь как: или он чевой-то там в чевой-то переплавит или как в Британии...,1
316,"Армия это такое место, в котором ты даже не подозреваешь, где ты будешь завтра, но точно знаешь, что счастливее ты от этого не будешь...",1
317,"Если бы КПЗ расшифровывалось как Комната Плотских Забав, то сидеть там было бы гораздо приятнее и от желающих туда попасть отбою не было. Но это только в том случае, если забавляться там будет тот кто там оказался а не сотрудники с ним.",1
318,"Астрономия необходима хотя бы для того, чтобы знать какие знаки зодиака совместимы, а какие нет!",1
319,Мастер художественного свиста решил сменить профессию и неожиданно попал в список Форбс.,2
320,"Гастрит у жирных в средние века лечили барабанным боем, когда человек жрал мясо. Гастрит от несварения при пожирании народных денег лечится барабанным боем при команде ""пли"", даваемой расстрельной команде.",2
321,"- Почему в Канаде население в 10 раз меньше чем в США ?- Потом, что бабы ""дают"" в 10 раз реже !",1
322,"Примета.Если после свадьбы поранишься, это к новой свадьбе.",1
323,"Причиной убийства вегана в ресторане ""Генацвале"" стала попытка заказать постный шашлык, безалкогольную Хванчкару и безглютеновый хачапури.",4
324,В 2023 году 59 россиян депортированы с острова Бали: заебали!,2
325,Не ругайте жару. Жара - это благо.Чем сильнее жара - тем меньше на девушках одежды.,4
326,"Уважаемые соискатели! Имейте в виду, что на сайтах знакомств фотографии так же близки к оригиналу, как авто со скрученным пробегом к своему реальному состоянию.",4
327,Чeм нa caмoм дeлe являeтcя диaгнoз?Пpигoвopoм или кoммepчecким пpeдлoжeниeм?,3
328,"Как ни крути, а самые жестокие люди на свете - рыбаки.1. Сначала они заливают землю водой, чтобы черви наполовину показались снаружи (утопление).2. Затем они насильно вытягивают несчастных из их среды обитания (пытка на дыбе).3. Выдерживают несколько суток без пищи, чтобы черви очистились от содержимого (морение голодом).4. Пропитка пахучими и стабилизирующими веществами (бальзамирование заживо, скарификация).5. Насаживание на крючок (сажание на кол).6. Опускание в среду с враждебными тварями (скармливание диким животным).С Днём рыбака {второе воскресенье июля), живодёры!",1
329,"Всем известно, что Герасимова глухонемым сделал Тургенев.Из школьного сочинения",1
330,"- Палыч, что от тебя хотели телевизионщики возле избирательного участка?- Спросили, за кого из кандидатов в мэры я мог бы поручиться, что тот не будет брать взятки.- И что ты им ответил?- Что они совсем ебанулись. Я за самого себя не могу поручиться, не брать взятки, стань я вдруг мэром.",4
331,"Объявление: Властная госпожа ищет безропотного раба, который сам не в состоянии выкинуть хлам из своего гаража. Приеду и буду доминировать - заставлю тебя подчиняться - выбросишь все и никакие мольбы меня не заденут! Сам же потом ещё спасибо скажешь и будешь рекомендовать знакомым ;)",4
332,Настоящая свобода начинается по ту сторону отчаяния.,4
333,"По объявлению «Выход из тела с первого раза» обращается мужик.- Вот вы говорите, что если не получится с первого раза выйти из тела, то вы возвращаете деньги?- Конечно! - говорит медиум.- Тогда вот мои деньги.- Спасибо, - говорит медиум и лупит мужика битой по голове. - У нас еще никто не возвращался!",0
334,"Плодородная земля это хорошо, но есть тут и недостатки. Если увлекаешься бегом на лыжах, нужно в летнее время экипировку подальше от земли держать. Бывает, отвлечёшься, а тут раз - и яблоня выросла, а лыжные палки новые покупать приходится.",0
335,"Общеизвестный факт: самые сильные патриоты Украины живут в Канаде, США и прочих Европах. Ведь любому щирому же известно, что чем дальше ты от Украины, тем любовь к Неньке сильнее.",2
336,"Не завидую тем, кто захочет нас завоевать.Им так много надо будет принести с собой…",2
337,"Повзрослел - это когда можешь позволить себе почти любой топовый телефон, но ты его не покупаешь, ибо это непрактично.",2
338,"Всем ивсетно, что к Прометею, наказанному богами за благое дело, прилетал орёл, который клевал ему печень.  Но это не более чем легенда.  На самом деле, к нему прилетала ворона, которая пол-дня летала вокруг, гаркала в уши и срала на голову.  Оставшееся время она клевала ему голову. Ну а уж после всего этого Прометей печень сам себе испортил.",1
339,"Чем дальше, тем больше сочетание трёх цветов красного, синего и белого напоминает мне шестицветную радугу.",2
340,"Зачем нам ""двести сортов колбасы"" и т.д. и т.п.- и все это обилие красивых упаковок?Предлагаю все рационально упростить и удешевить...В торговом зале выставить большие контейнеры ""пальмовый жир"", ""свиная костная мука"" ""крахмал"", ""соя"", ""соль"" , ""сахар"", ""Е407"", ""мука с содержанием насекомых не более 25 процентов""; для богатых в отдельном уголке ""пальмовое масло пищевое"" ...Покупатели сами покупают все компоненты в нужных им пропорциях и смешивают дома самостоятельно ...",2
341,"Пошёл на работу первый раз после длительного отпуска. По пути мне перебежала дорогу чёрная кошка с пустыми вёдрами. Видимо на работе всё-таки смогли понять, что от того работаю я или нет в рабочем процессе ничего не меняется.",0
342,Футбольный матчЛюксембург против ЛихтенштейнаЗвучит как драка двух евреев,2
343,"Люди, которым ты доверяешь на все сто, легко могут подвести, если речь идет о тысяче...",4
344,"Из воспоминаний: ""На церемонии открытия парижской олимпиады неудачно повернулся задом...""",1
345,"Правило буравчика очень помогает грамотно поступать в жизни. Оно учит о то том, как грамотно относится со штопори.",0
346,"Иронично, что в США могут вернуть ракету на стартовую площадку после запуска, а астронавтов с МКС не могут.",2
347,"Девочка, которой нравятся кавказцы, учится целоваться не на помидорах, а на киви.",4
348,"На балу поручик Ржевский предлагает:- А давайте сыграем в интересную игру! Дамы задирают юбки и становятся у стенки. Кавалеры приспускают штаны и бегут. Тот, кто попал, целует даме ручку.",1
349,"Мужчина делает то, что обещал, так же часто, как женщина то, что  обещала не делать. Чем и достигается гармония отношения.",4
350,"Дебилов надо лечить своевремменноЕсли процесс ""запустить""Они начнут писать анекдоты про квадроберов и самокатчиков !",2
351,Адепты различных религий во время дискуссии Чья религия миролюбивей чуть не перемочили друг друга ...,1
352,"- А почему мужчины ещё несколько минут сидят в машине, когда приезжают домой?- Так проверяют салон на наличие презервативов, женских заколок, серёжек, лифчиков и трусиков.",3
353,"За новогодним столом собрались гости. Добрались до десерта. Хозяйка спрашивает:- А как вам мой тортик? Правда, вкусный?!- Вкусный, вкусный... Особенно для тех, кто вкусного не пробовал!",1
354,"С точки зрения ветеринара, кот - это курица, несущая золотые яйца.",2
355,"Пловчиха-трансгендер Лия Томас не была допущена на Олимпийские Игры. Сама спортсменка прокомментировала ситуацию так: «Я в любом случае являюсь сильнейшей в женском плавании, а кто не согласен - может у меня отсосать».",4
356,"Кандидат в президенты на дебатах:- Я являюсь сторонником демократических ценностей! И если я стану президентом, эти ценности будут прививаться всем гражданам страны, хотят они того или нет!",1
357,"Как в хорошем кино, хотел чтобы меня встретили с музыкой. Включил в портативной колонке ""Прощание славянки"". Очнулся в казарме...",1
358,"–Ты с утра до вечера корячишься в пекарне. Вступай в нашу партию.– Зачем?– Будешь делать людей счастливыми.– Разве, выпекать хлеб – это не делать людей счастливыми?",2
359,"История каждого преуспевающего бизнес-тренера обычно начинается с того, что прогорает его собственная фирма.",4
360,"Сидит мужик в ресторане. Захотел послушать музыку, подходит к музыкантам и говорит:- Можно мне песню Кая Метова про вечеринку матросов?- Мы такой не знаем. Ну-ка, напойте.- Потише на борту...",0
361,"Тут большинство пророссийских политологов сетуют: мол нет национальной ИДЕИ... я вас умоляю, она есть! ...и вы её прекрасно знаете - ""Дай Бог пронесет!!!""",4
362,"Всех зверей замучил, запугал грозный Тараканище. И не было на него никакой управы: ни крокодил его не пугает, ни сорока съесть не может. Но однажды пришёл КИТАЕЦ...",2
363,"Когда на голову Петровича с соседского балкона упал горшок с кактусом, он не как Ньютон в случае с яблоком воскликнул «Эврика». Он заорал – убью, суки…",1
364,"Триединство современного бытия: цирк, зоопарк и скотобойня.",4
365,"Парни, если вам встретилась девушка, которая, купив платье, сразу же идёт в хозяйственный и покупает вешалку-плечики - ни о чём больше не думайте, хватайте её и тащите в ЗАГС.",1
366,"- Скажи мне что-то мерзкое, меня это так возбуждает.- Доброе утро, коллеги.",4
367,-В Париже Дурова посадили-На трон?,0
368,Благодаря Успенскому Геннадьевич уже 50 лет воспринимается на слух как Крокодилович.,1
369,"Питон на ветке всегда спит двумя, четырьмя, шестью,..., цепными линиями. Это он не математик, а просто о безопасности заботится.",1
370,"Того, кто делает зло зло в результате тоже сделает ...",0
371,Проктолога больно ударили крепким стулом,1
372,Что такое криптовалюта Дурова?Это МММ Мавроди в новой обертке.,1
373,"В детстве мечтаешь, чтобы пришел и озолотил бы тебя Гассан Хоттабыч.В 40 лет думаешь пришел бы хотя б Хотябыч.",0
374,"Сейчас в Америке одна из самых обсуждаемых тем - возраст президента страны. Все дело в том, что четыре года назад, во время выборов, когда Джо было 78, только самые прозорливые эксперты могли предсказать его возраст в 2024 году.",4
375,"Ну что, москвичи, прежние-то понаехавшие были, как оказалось, вполне даже неплохим вариантом?..",2
376,"- Дедушка, а ты хочешь быть как крейсер Аврора?- 125 лет трудового стажа, а потом еще экскурсии принимать?- Нет, таким же смелым и отважным!",1
377,"Смотрит Бог на открытие Олимпиады и говорит:- И что, они все в этом участвуют?! Пора уничтожать!Тут подбегает апостол Пётр, крича:- Подожди, Господи! Россия! Россия не участвует!- Ну тогда подожду пока, - ответил ему Бог.Так Россия в очередной раз спасла мир.",4
378,"Весной активизируются не только коты, но и туристы.",1
379,"Был тут по делам в Москве, и могу дать подсказку Правительству как пополнить бюджет - пора, пора ввести налог на бороды.",2
380,"На надгробии было написано.""Тут покоится HDD ,который никогда не пользовался Корзиной.""",0
381,"- Как только я хочу что-то сделать собственными руками, мои клиенты сразу за них хватаются.- А вы кто по профессии?- Палач.",1
382,Когда уже разрешат тратить материнский капитал на покупку сливочного масла?!,4
383,РЕМОНТ занимает 3 дня.РЕМОНТНЫЕ РАБОТЫ занимают 5 дней.ПРОВЕДЕНИЕ РЕМОНТНЫХ РАБОТ занимает 8 дней.,4
384,"При мысли что Иванову тоже плохо, Сидорову вдруг стало хорошо....",1
385,"Иностранцы теперь не контролируют российские консервные банки.Мы в ответ не контролируем то, что находится в этих банках.",1
386,Спортсмен начал пить. Его дыхалка превратилась в издыхалку.,1
387,"С возрастом женщины все больше полагаются на пластических хирургов, а мужчины на деньги.",3
388,"- Cкажите, а почему в этот провинциальный ВУЗ такой большой конкурс на программы бухгалтеров, лингвистов и юристов?- Ну до этого города цивилизация идет медленно и печально, они еще в конце 90-х.....",1
389,"- Слышь, подруга, а я опять на фитнес стала ходить.- Ой, как я тебя понимаю, Люся, если есть мужик - крути мужика, а если нет мужика - так крути обруч.",3
390,"Ничто так не способствует продолжению бурного и откровенного дружеского общения, как фраза ""подождите, я сейчас диктофон выключу...""",1
391,"– Я своего парня два раза утром, два раза вечером. И у него нет сил и желания смотреть на других женщин.– А если он будет сопротивляться?– Тогда – три раза утром, три раза вечером.",4
392,"Два пенса покупают пиво:- А что это пиво на 10% подорожало?- Ты чо, не помнишь, вчера же пенсию принесли, повышенную, на 7%?",4
393,"""... Дайте пожалуйста интерферометр Фабри-Перо, дайте пожалуйста интерферометр Фабри-Перо, дайте пожалуйста интерферометр Фабри-Перо...""- Слушаю вас.- Здравствуйте, дайте пожалуйста фабриперометр Интер-Феро.",1
394,"Греф жестко отчитал службу безопасности за то, что в Горно-Алтайске таксисты встретили его в трусах и приказал никода не допускать подобного.Теперь, в любом аэропорту куда бы он ни прилетел, таксисты встречают его без трусов.",2
395,"Из-за долбаных мошенников дозвониться до кого-нибудь, у кого не записан твой номер, сейчас практически невозможно.",2
396,"За глаза говорят что угодно, а в глаза - что удобно.",4
397,"Брак — это когда секс является некоммерческим, но членский взнос в организацию всё равно  надо платить регулярно.",1
398,"-Мам. Вот ты меня ругаешь за грязь и мусор разбросанные, а у самой какие то грязные салфетки перед зеркалом лежат...-Сынок. Это мама ""красоту"" смывала. Сейчас выброшу.-Мам. Вот этой гадостью ты красоту наводишь?",0
399,"- А правда, что у двухядерных процессоров правое ядро за творчество, а левое за логику отвечает?- Нет, у них правое чуть ниже левого.",4
